Date,ob,oe
1/1/2018,14112.2002,755.757019
1/2/2018,13625,772.346008
1/3/2018,14978.2002,886
1/4/2018,15270.7002,961.713013
1/5/2018,15477.2002,975.75
1/6/2018,17462.09961,995.153992
1/7/2018,17527.30078,1043.01001
1/8/2018,16476.19922,1158.26001
1/9/2018,15123.7002,1146
1/10/2018,14588.5,1300.339966
1/11/2018,14968.2002,1268.089966
1/12/2018,13453.90039,1158.290039
1/13/2018,13952.40039,1270.469971
1/14/2018,14370.79981,1397.47998
1/15/2018,13767.29981,1365.209961
1/16/2018,13836.09961,1292.630005
1/17/2018,11431.09961,1061.339966
1/18/2018,11198.79981,1016.440002
1/19/2018,11429.79981,1028.819946
1/20/2018,11656.2002,1044.949951
1/21/2018,12889.2002,1155.680054
1/22/2018,11633.09961,1055.349976
1/23/2018,10944.5,1004.169983
1/24/2018,10903.40039,987.47699
1/25/2018,11421.7002,1063.219971
1/26/2018,11256,1052.699951
1/27/2018,11174.90039,1055.75
1/28/2018,11475.29981,1111.780029
1/29/2018,11755.5,1246.699951
1/30/2018,11306.79981,1184.130005
1/31/2018,10108.2002,1071.089966
2/1/2018,10237.29981,1119.369995
2/2/2018,9142.280273,1035.77002
2/3/2018,8852.120117,919.210999
2/4/2018,9175.700195,964.666992
2/5/2018,8270.540039,834.958008
2/6/2018,7051.75,707.737
2/7/2018,7755.490234,790.427979
2/8/2018,7637.859863,755.843018
2/9/2018,8271.839844,818.47998
2/10/2018,8720.080078,882.46698
2/11/2018,8616.129883,859.288025
2/12/2018,8141.430176,817.507996
2/13/2018,8926.719727,869.29303
2/14/2018,8599.919922,844.278992
2/15/2018,9488.320313,923.728027
2/16/2018,10135.7002,934.786011
2/17/2018,10207.5,944.747986
2/18/2018,11123.40039,973.348999
2/19/2018,10552.59961,921.66803
2/20/2018,11231.79981,943.567017
2/21/2018,11372.2002,894.13501
2/22/2018,10660.40039,849.262024
2/23/2018,9937.070313,811.585022
2/24/2018,10287.7002,861.593018
2/25/2018,9796.419922,839.458984
2/26/2018,9669.429688,845.278015
2/27/2018,10393.90039,870.36499
2/28/2018,10687.2002,877.934021
3/1/2018,10385,856.012024
3/2/2018,10977.40039,871.763977
3/3/2018,11101.90039,856.710999
3/4/2018,11497.40039,856.185974
3/5/2018,11532.40039,866.846008
3/6/2018,11500.09961,853.817017
3/7/2018,10803.90039,816.270996
3/8/2018,9951.44043,752.570007
3/9/2018,9414.69043,702.197021
3/10/2018,9350.589844,730.159973
3/11/2018,8852.780273,685.312012
3/12/2018,9602.929688,724.406006
3/13/2018,9173.040039,698.153015
3/14/2018,9214.650391,691.218994
3/15/2018,8290.759766,614.838989
3/16/2018,8322.910156,611.778015
3/17/2018,8321.910156,601.677979
3/18/2018,7890.52002,551.640015
3/19/2018,8344.120117,546.625977
3/20/2018,8619.669922,556.721985
3/21/2018,8937.480469,559.099976
3/22/2018,8939.44043,562.103027
3/23/2018,8736.25,539.864014
3/24/2018,8901.950195,542.572021
3/25/2018,8612.80957,522.703003
3/26/2018,8498.469727,524.286987
3/27/2018,8200,489.589996
3/28/2018,7836.830078,450.290985
3/29/2018,7979.069824,448.075012
3/30/2018,7171.450195,385.904999
3/31/2018,6892.47998,395.003998
4/1/2018,7003.060059,397.253998
4/2/2018,6844.859863,379.699005
4/3/2018,7102.259766,387.312012
4/4/2018,7456.410156,416.484985
4/5/2018,6848.649902,379.946991
4/6/2018,6815.959961,382.730988
4/7/2018,6630.509766,370.380005
4/8/2018,6919.97998,385.743011
4/9/2018,7044.319824,400.856995
4/10/2018,6795.439941,399.411011
4/11/2018,6843.470215,415.023987
4/12/2018,6955.379883,430.161011
4/13/2018,7901.089844,493.160004
4/14/2018,7874.669922,492.579987
4/15/2018,7999.330078,502.880005
4/16/2018,8337.570313,532.073975
4/17/2018,8071.660156,511.144989
4/18/2018,7944.430176,503.30899
4/19/2018,8159.27002,524.038025
4/20/2018,8286.879883,567.989014
4/21/2018,8848.790039,616.004028
4/22/2018,8925.05957,606.119019
4/23/2018,8794.389648,621.198975
4/24/2018,8934.339844,643.39801
4/25/2018,9701.030273,707.062012
4/26/2018,8867.320313,618.078979
4/27/2018,9290.629883,662.109009
4/28/2018,8939.269531,644.645996
4/29/2018,9346.410156,683.911987
4/30/2018,9426.110352,689.760986
5/1/2018,9251.469727,670.463013
5/2/2018,9104.599609,674.075012
5/3/2018,9233.969727,686.591003
5/4/2018,9695.5,776.775024
5/5/2018,9700.280273,784.583008
5/6/2018,9845.30957,816.088013
5/7/2018,9645.669922,793.338989
5/8/2018,9380.870117,755.008972
5/9/2018,9223.730469,752.901978
5/10/2018,9325.959961,752.578979
5/11/2018,9052.959961,727.013
5/12/2018,8441.44043,679.877014
5/13/2018,8515.490234,687.174988
5/14/2018,8713.099609,732.732971
5/15/2018,8705.19043,731.143005
5/16/2018,8504.410156,708.086975
5/17/2018,8370.049805,708.718018
5/18/2018,8091.830078,672.10199
5/19/2018,8255.730469,695.072021
5/20/2018,8246.990234,697.922974
5/21/2018,8522.330078,717.192993
5/22/2018,8419.870117,700.177979
5/23/2018,8037.080078,646.669983
5/24/2018,7561.120117,584.536011
5/25/2018,7592.299805,602.140015
5/26/2018,7486.47998,587.426025
5/27/2018,7362.080078,588.52002
5/28/2018,7371.310059,573.044983
5/29/2018,7129.459961,516.14801
5/30/2018,7469.72998,566.830017
5/31/2018,7406.149902,558.497009
6/1/2018,7500.700195,578.671997
6/2/2018,7536.720215,580.429016
6/3/2018,7632.089844,591.258972
6/4/2018,7722.529785,619.437012
6/5/2018,7500.899902,593.406006
6/6/2018,7625.970215,610.262024
6/7/2018,7650.819824,607.687012
6/8/2018,7685.140137,605.442993
6/9/2018,7632.52002,600.905029
6/10/2018,7499.549805,594.344971
6/11/2018,6799.290039,524.856995
6/12/2018,6905.819824,532.710022
6/13/2018,6596.879883,498.018005
6/14/2018,6342.75,478.381012
6/15/2018,6674.080078,520.47998
6/16/2018,6455.450195,490.414001
6/17/2018,6545.529785,499.459991
6/18/2018,6510.069824,499.382996
6/19/2018,6742.390137,519.02301
6/20/2018,6770.759766,538.505981
6/21/2018,6780.089844,536.447021
6/22/2018,6737.879883,527.19397
6/23/2018,6090.100098,466.273987
6/24/2018,6164.279785,474.768005
6/25/2018,6171.970215,455.936005
6/26/2018,6253.549805,460.733002
6/27/2018,6084.399902,432.243988
6/28/2018,6153.160156,442.290009
6/29/2018,5898.129883,422.587006
6/30/2018,6214.220215,436.209015
7/1/2018,6411.680176,455.242004
7/2/2018,6380.379883,453.824005
7/3/2018,6596.660156,475.385986
7/4/2018,6550.870117,464.151001
7/5/2018,6599.709961,467.286987
7/6/2018,6638.689941,474.356995
7/7/2018,6668.709961,474.057007
7/8/2018,6857.799805,492.067993
7/9/2018,6775.080078,488.877991
7/10/2018,6739.209961,476.161987
7/11/2018,6330.77002,434.515015
7/12/2018,6396.779785,446.502014
7/13/2018,6235.029785,430.740997
7/14/2018,6247.5,434.510986
7/15/2018,6272.700195,435.882996
7/16/2018,6357.009766,450.424988
7/17/2018,6739.649902,480.076996
7/18/2018,7315.319824,500.838013
7/19/2018,7378.200195,480.627991
7/20/2018,7467.399902,469.307007
7/21/2018,7352.720215,450.678986
7/22/2018,7417.799805,462.437988
7/23/2018,7414.709961,459.438995
7/24/2018,7716.509766,451.135986
7/25/2018,8379.660156,479.906006
7/26/2018,8176.850098,472.330994
7/27/2018,7950.399902,464.009003
7/28/2018,8169.060059,469.678009
7/29/2018,8205.820313,466.915009
7/30/2018,8221.580078,466.826996
7/31/2018,8181.200195,457.244995
8/1/2018,7769.040039,433.868988
8/2/2018,7634.189941,420.806
8/3/2018,7562.140137,412.566986
8/4/2018,7438.669922,418.237
8/5/2018,7031.080078,407.346008
8/6/2018,7062.939941,410.566986
8/7/2018,6958.319824,406.800995
8/8/2018,6746.850098,379.891998
8/9/2018,6305.560059,356.971008
8/10/2018,6571.419922,365.776001
8/11/2018,6185.790039,334.264008
8/12/2018,6283.649902,320.822998
8/13/2018,6341.359863,320.209991
8/14/2018,6287.660156,286.36499
8/15/2018,6221.419922,280.386993
8/16/2018,6294.22998,282.740997
8/17/2018,6340.910156,287.683014
8/18/2018,6583.430176,316.790985
8/19/2018,6422.569824,295.670013
8/20/2018,6500.509766,301.381012
8/21/2018,6301.069824,273.330994
8/22/2018,6486.25,281.967987
8/23/2018,6371.339844,271.747986
8/24/2018,6551.52002,278.110992
8/25/2018,6719.950195,283.281006
8/26/2018,6754.640137,279.524994
8/27/2018,6710.799805,275.350006
8/28/2018,6891.080078,286.648987
8/29/2018,7091.709961,296.162994
8/30/2018,7043.759766,289.752991
8/31/2018,6973.970215,284.119995
9/1/2018,7044.810059,283.496002
9/2/2018,7189.580078,295.453003
9/3/2018,7279.029785,295.181
9/4/2018,7263,289.296997
9/5/2018,7361.459961,286.045013
9/6/2018,6755.140137,231.647995
9/7/2018,6528.919922,229.535004
9/8/2018,6460.169922,217.912003
9/9/2018,6223.379883,198.384995
9/10/2018,6301.569824,197.850998
9/11/2018,6331.879883,198.177002
9/12/2018,6317.009766,185.423004
9/13/2018,6354.240234,183.679001
9/14/2018,6515.410156,212.669006
9/15/2018,6509.399902,209.813995
9/16/2018,6536.680176,222.802994
9/17/2018,6514.060059,221.582001
9/18/2018,6280.910156,197.095001
9/19/2018,6371.850098,209.472
9/20/2018,6398.850098,210.287994
9/21/2018,6513.870117,225.251007
9/22/2018,6735.049805,247.337006
9/23/2018,6715.319824,240.992004
9/24/2018,6704.77002,244.843994
9/25/2018,6603.640137,228.326996
9/26/2018,6452.790039,218.647003
9/27/2018,6495.290039,215.440002
9/28/2018,6678.75,229.041
9/29/2018,6643.100098,221.705002
9/30/2018,6604.709961,231.328995
10/1/2018,6619.850098,233.220001
10/2/2018,6593.240234,231.100006
10/3/2018,6553.859863,226.406998
10/4/2018,6497.910156,220.445999
10/5/2018,6574.149902,222.266998
10/6/2018,6622.450195,227.552002
10/7/2018,6590.680176,225.434998
10/8/2018,6600.189941,226.509003
10/9/2018,6653.080078,229.710007
10/10/2018,6640.290039,227.615005
10/11/2018,6586.740234,225.610001
10/12/2018,6239.25,188.707001
10/13/2018,6278.080078,196.363998
10/14/2018,6288.490234,199.690994
10/15/2018,6292.640137,195.270004
10/16/2018,6601.410156,209.628006
10/17/2018,6590.52002,210.216995
10/18/2018,6542.330078,207.404007
10/19/2018,6478.069824,203.257004
10/20/2018,6460.919922,203.514999
10/21/2018,6490.089844,205.389999
10/22/2018,6486.049805,205.173996
10/23/2018,6472.359863,204.016006
10/24/2018,6478.890137,204.126999
10/25/2018,6484.649902,203.867996
10/26/2018,6468.439941,202.335999
10/27/2018,6480.839844,203.356003
10/28/2018,6482.660156,204.509995
10/29/2018,6492.350098,205.173996
10/30/2018,6337.040039,197.203003
10/31/2018,6336.990234,197.649002
11/1/2018,6318.140137,197.537003
11/2/2018,6378.919922,198.981995
11/3/2018,6387.240234,200.740005
11/4/2018,6365.470215,200.158005
11/5/2018,6363.620117,207.100006
11/6/2018,6433.379883,209.473999
11/7/2018,6468.5,218.899002
11/8/2018,6522.27002,217.326996
11/9/2018,6442.600098,211.987
11/10/2018,6386.129883,209.975006
11/11/2018,6413.629883,212.479004
11/12/2018,6411.759766,211.513
11/13/2018,6373.189941,210.149002
11/14/2018,6351.240234,206.533997
11/15/2018,5736.149902,181.899002
11/16/2018,5645.319824,180.865005
11/17/2018,5578.580078,175.360001
11/18/2018,5559.740234,174.175003
11/19/2018,5620.779785,177.179001
11/20/2018,4863.930176,148.811005
11/21/2018,4465.540039,131.141998
11/22/2018,4611.569824,136.811005
11/23/2018,4360.700195,126.418999
11/24/2018,4347.689941,123.304001
11/25/2018,3880.780029,113.125999
11/26/2018,4015.070068,116.343002
11/27/2018,3765.949951,107.913002
11/28/2018,3822.469971,110.197998
11/29/2018,4269.004395,122.72155
11/30/2018,4289.088867,117.728096
12/1/2018,4024.464355,113.397758
12/2/2018,4200.733398,118.26815
12/3/2018,4147.32373,116.378761
12/4/2018,3886.294922,108.803162
12/5/2018,3958.894775,110.335518
12/6/2018,3754.074463,102.450592
12/7/2018,3512.590332,91.649834
12/8/2018,3421.9104,93.41008
12/9/2018,3473.227539,92.035431
12/10/2018,3612.046387,94.992172
12/11/2018,3497.554688,91.578934
12/12/2018,3421.458252,88.610703
12/13/2018,3487.879395,90.655228
12/14/2018,3311.751953,86.630356
12/15/2018,3243.997559,84.279694
12/16/2018,3236.274658,84.469406
12/17/2018,3253.123047,85.382111
12/18/2018,3544.761475,95.10804
12/19/2018,3706.824951,101.683846
12/20/2018,3742.195068,101.090439
12/21/2018,4133.703613,115.835403
12/22/2018,3898.08374,109.45594
12/23/2018,4020.994629,117.273895
12/24/2018,4000.331787,130.641663
12/25/2018,4081.030518,140.997589
12/26/2018,3819.666748,129.888824
12/27/2018,3854.688477,131.923584
12/28/2018,3653.131836,116.898201
12/29/2018,3932.491699,138.468781
12/30/2018,3822.384766,137.627457
12/31/2018,3866.839111,140.031067
1/1/2019,3746.713379,133.418152
1/2/2019,3849.216309,141.519516
1/3/2019,3931.048584,155.196045
1/4/2019,3832.040039,148.912888
1/5/2019,3851.973877,154.337418
1/6/2019,3836.519043,155.80423
1/7/2019,4078.584961,157.809494
1/8/2019,4028.472168,151.967545
1/9/2019,4031.552002,150.554688
1/10/2019,4034.411377,150.843506
1/11/2019,3674.015381,127.813965
1/12/2019,3686.973145,127.528084
1/13/2019,3658.868164,125.907227
1/14/2019,3557.311035,116.979095
1/15/2019,3704.216309,129.172684
1/16/2019,3631.509766,121.809242
1/17/2019,3651.871094,123.57354
1/18/2019,3677.990479,123.654655
1/19/2019,3652.37793,121.614426
1/20/2019,3725.446045,124.632401
1/21/2019,3600.372803,119.636459
1/22/2019,3575.081299,117.110756
1/23/2019,3605.557129,118.713814
1/24/2019,3584.500244,117.462784
1/25/2019,3607.390381,117.594955
1/26/2019,3599.715332,116.373528
1/27/2019,3604.687256,116.510315
1/28/2019,3584.283203,113.285233
1/29/2019,3468.870117,106.721954
1/30/2019,3443.896973,105.407204
1/31/2019,3485.40918,108.900772
2/1/2019,3460.547119,107.147682
2/2/2019,3484.625977,107.466415
2/3/2019,3516.139648,110.490318
2/4/2019,3467.21167,107.625824
2/5/2019,3454.950928,107.628166
2/6/2019,3469.091797,107.569305
2/7/2019,3414.929443,104.835777
2/8/2019,3401.376465,104.64505
2/9/2019,3671.585938,119.214111
2/10/2019,3673.201416,119.408966
2/11/2019,3695.613037,124.871536
2/12/2019,3642.751953,121.178574
2/13/2019,3653.604004,122.544289
2/14/2019,3631.170166,122.416985
2/15/2019,3617.368408,121.453697
2/16/2019,3615.270264,122.396454
2/17/2019,3633.359375,123.182083
2/18/2019,3671.369873,133.032547
2/19/2019,3911.661621,146.398819
2/20/2019,3946.685059,145.172729
2/21/2019,4000.256836,149.352325
2/22/2019,3952.406494,146.073257
2/23/2019,3998.91626,148.67662
2/24/2019,4145.458008,158.902405
2/25/2019,3807.002441,135.499725
2/26/2019,3878.697266,139.646088
2/27/2019,3857.479736,138.029572
2/28/2019,3848.261963,136.283081
3/1/2019,3853.75708,136.836243
3/2/2019,3855.318115,136.350082
3/3/2019,3862.266113,134.786118
3/4/2019,3845.091553,132.157883
3/5/2019,3759.83252,127.792953
3/6/2019,3897.081055,137.95874
3/7/2019,3903.384766,138.942383
3/8/2019,3913.22583,138.311356
3/9/2019,3894.55249,134.887558
3/10/2019,3966.174316,138.180496
3/11/2019,3953.740234,136.849533
3/12/2019,3903.758301,134.012848
3/13/2019,3913.047363,134.611771
3/14/2019,3905.576904,133.203903
3/15/2019,3926.66333,133.567154
3/16/2019,3963.900146,137.911957
3/17/2019,4047.719482,142.238297
3/18/2019,4029.968506,140.104858
3/19/2019,4032.691895,139.254013
3/20/2019,4070.793945,140.484711
3/21/2019,4083.953857,140.478485
3/22/2019,4028.514648,136.562256
3/23/2019,4022.713379,137.039871
3/24/2019,4035.163574,138.315353
3/25/2019,4024.112793,137.08136
3/26/2019,3969.22876,135.054321
3/27/2019,3984.244873,135.454361
3/28/2019,4087.584473,141.005844
3/29/2019,4068.299805,139.343201
3/30/2019,4092.13623,142.359146
3/31/2019,4105.456055,142.139221
4/1/2019,4105.362305,141.465485
4/2/2019,4156.919434,141.839523
4/3/2019,4879.958008,164.008636
4/4/2019,4971.307617,161.431763
4/5/2019,4922.806152,158.020004
4/6/2019,5036.792969,165.511246
4/7/2019,5062.793945,165.977249
4/8/2019,5199.835449,174.449677
4/9/2019,5289.917969,180.222122
4/10/2019,5204.105469,176.067841
4/11/2019,5325.081543,177.342758
4/12/2019,5061.200684,165.335205
4/13/2019,5088.850098,164.622849
4/14/2019,5095.758789,164.476089
4/15/2019,5167.321777,167.897476
4/16/2019,5066.577637,161.52655
4/17/2019,5236.135254,167.553696
4/18/2019,5251.480469,166.913208
4/19/2019,5298.154297,173.787888
4/20/2019,5304.160645,173.718811
4/21/2019,5335.878906,173.715408
4/22/2019,5312.494629,170.017487
4/23/2019,5399.365723,172.007217
4/24/2019,5571.508301,171.349533
4/25/2019,5466.524414,165.914734
4/26/2019,5210.304688,154.579437
4/27/2019,5279.471191,156.270859
4/28/2019,5271.746582,158.499771
4/29/2019,5284.858398,157.291061
4/30/2019,5247.726074,155.172775
5/1/2019,5350.914551,162.186554
5/2/2019,5402.422852,160.853577
5/3/2019,5505.552246,162.075165
5/4/2019,5769.202637,167.887222
5/5/2019,5831.068359,164.015259
5/6/2019,5791.693359,163.337982
5/7/2019,5745.599121,172.427277
5/8/2019,5849.481445,169.904205
5/9/2019,5982.316406,170.951874
5/10/2019,6175.822754,170.312973
5/11/2019,6379.666992,173.139313
5/12/2019,7203.507324,194.163025
5/13/2019,6971.178223,187.417923
5/14/2019,7807.884277,196.738281
5/15/2019,7989.374512,217.010117
5/16/2019,8194.500977,246.941956
5/17/2019,7886.925781,263.848358
5/18/2019,7341.664551,243.911301
5/19/2019,7267.962891,234.449463
5/20/2019,8196.923828,261.267487
5/21/2019,7977.969238,251.647842
5/22/2019,7956.291992,254.995316
5/23/2019,7677.269043,244.665115
5/24/2019,7881.695313,245.987091
5/25/2019,7991.885254,249.694046
5/26/2019,8055.206055,251.724792
5/27/2019,8674.072266,267.141876
5/28/2019,8802.757813,272.590485
5/29/2019,8718.591797,271.779053
5/30/2019,8661.760742,269.55188
5/31/2019,8320.286133,256.015259
6/1/2019,8573.839844,268.43335
6/2/2019,8565.473633,265.512726
6/3/2019,8741.74707,270.088562
6/4/2019,8210.985352,252.511642
6/5/2019,7704.343262,241.49704
6/6/2019,7819.633301,246.925247
6/7/2019,7826.901367,249.335281
6/8/2019,8036.774902,251.249313
6/9/2019,7949.674805,245.540482
6/10/2019,7692.284668,232.830139
6/11/2019,8004.243652,247.862122
6/12/2019,7925.434082,245.925491
6/13/2019,8145.54541,260.913513
6/14/2019,8230.898438,256.179657
6/15/2019,8689.746094,263.934143
6/16/2019,8841.44043,268.901154
6/17/2019,8988.923828,269.090576
6/18/2019,9335.466797,274.320251
6/19/2019,9078.727539,265.056854
6/20/2019,9273.060547,269.407867
6/21/2019,9525.074219,271.743103
6/22/2019,10175.92383,295.115082
6/23/2019,10696.69141,309.416687
6/24/2019,10853.74414,307.722137
6/25/2019,11007.20215,310.678619
6/26/2019,11778.58106,317.992584
6/27/2019,13017.125,336.9599
6/28/2019,11162.16797,294.143036
6/29/2019,12400.76367,311.284424
6/30/2019,11931.99121,319.584045
7/1/2019,10796.93066,290.268494
7/2/2019,10588.68359,293.537262
7/3/2019,10818.15625,291.764618
7/4/2019,11972.71875,303.025085
7/5/2019,11203.10254,284.38092
7/6/2019,10982.54395,287.893829
7/7/2019,11217.61621,287.603607
7/8/2019,11446.59668,305.734772
7/9/2019,12284.32617,313.325165
7/10/2019,12571.53711,308.851288
7/11/2019,12139.71387,289.945984
7/12/2019,11354.29981,268.692261
7/13/2019,11813.12695,276.289124
7/14/2019,11381.02051,269.281616
7/15/2019,10257.83887,227.965057
7/16/2019,10896.65332,229.748657
7/17/2019,9471.213867,199.066788
7/18/2019,9698.50293,211.444611
7/19/2019,10653.95606,226.6577
7/20/2019,10525.81934,221.412659
7/21/2019,10777.5293,229.167694
7/22/2019,10596.94824,225.698654
7/23/2019,10346.74805,217.568466
7/24/2019,9887.730469,212.553818
7/25/2019,9809.09668,216.969116
7/26/2019,9913.126953,219.628128
7/27/2019,9871.165039,219.61763
7/28/2019,9491.626953,207.413773
7/29/2019,9548.178711,211.123657
7/30/2019,9522.329102,211.339203
7/31/2019,9604.050781,210.492416
8/1/2019,10077.44238,218.554596
8/2/2019,10402.04297,217.88446
8/3/2019,10519.27832,217.895554
8/4/2019,10821.63281,222.580811
8/5/2019,10960.73535,222.650879
8/6/2019,11811.54492,234.24559
8/7/2019,11476.19336,225.925293
8/8/2019,11954.04004,226.518478
8/9/2019,11953.46973,220.908646
8/10/2019,11861.55664,210.530167
8/11/2019,11349.74023,206.732239
8/12/2019,11528.18945,216.055908
8/13/2019,11385.05273,211.342697
8/14/2019,10889.48731,208.603989
8/15/2019,10038.42188,186.683502
8/16/2019,10319.41992,188.644257
8/17/2019,10358.72266,185.531662
8/18/2019,10233.00586,185.841095
8/19/2019,10350.2832,194.55603
8/20/2019,10916.34668,202.813141
8/21/2019,10764.57227,196.621689
8/22/2019,10142.52148,186.941238
8/23/2019,10136.30957,191.106873
8/24/2019,10407.64453,194.671631
8/25/2019,10160.73731,191.234787
8/26/2019,10126.29981,186.73555
8/27/2019,10372.82617,188.950058
8/28/2019,10203.42676,187.495499
8/29/2019,9756.786133,173.958694
8/30/2019,9514.844727,169.489288
8/31/2019,9597.539063,168.887894
9/1/2019,9630.592773,172.458405
9/2/2019,9757.473633,171.697601
9/3/2019,10345.72559,178.357758
9/4/2019,10621.18066,179.491989
9/5/2019,10588.18359,175.966278
9/6/2019,10578.19824,174.172226
9/7/2019,10353.93164,169.955276
9/8/2019,10518.11426,178.282593
9/9/2019,10443.22852,181.362488
9/10/2019,10336.4082,181.212845
9/11/2019,10123.03516,179.839493
9/12/2019,10176.81934,178.803772
9/13/2019,10415.36231,180.975586
9/14/2019,10345.40332,181.321579
9/15/2019,10356.46582,188.068436
9/16/2019,10347.22266,189.689331
9/17/2019,10281.51367,197.114761
9/18/2019,10247.7959,208.050598
9/19/2019,10200.49609,211.247238
9/20/2019,10266.31836,221.069626
9/21/2019,10183.64844,217.897385
9/22/2019,10024.11523,215.486557
9/23/2019,10067.96289,211.713211
9/24/2019,9729.321289,201.842087
9/25/2019,8603.428711,168.133575
9/26/2019,8487.669922,170.756912
9/27/2019,8113.101074,166.651703
9/28/2019,8251.273438,174.680832
9/29/2019,8246.037109,174.612747
9/30/2019,8104.226563,170.461349
10/1/2019,8299.720703,180.209122
10/2/2019,8344.212891,177.22406
10/3/2019,8390.774414,180.703705
10/4/2019,8259.494141,175.238434
10/5/2019,8210.149414,176.94632
10/6/2019,8149.876953,176.36438
10/7/2019,7989.120605,172.940338
10/8/2019,8246.849609,181.113358
10/9/2019,8229.84082,182.036301
10/10/2019,8585.280273,193.191071
10/11/2019,8585.262695,191.801071
10/12/2019,8315.665039,182.534027
10/13/2019,8336.902344,180.861313
10/14/2019,8320.832031,182.028473
10/15/2019,8373.458008,186.977051
10/16/2019,8204.674805,181.343735
10/17/2019,8047.8125,175.906891
10/18/2019,8100.933594,177.988556
10/19/2019,7973.803711,173.649445
10/20/2019,7997.807129,172.974762
10/21/2019,8225.115234,175.52475
10/22/2019,8243.402344,174.90506
10/23/2019,8076.228516,172.262802
10/24/2019,7509.728027,162.514114
10/25/2019,7490.703125,162.189713
10/26/2019,8667.577148,181.667068
10/27/2019,9241.707031,179.932632
10/28/2019,9565.101563,184.397507
10/29/2019,9248.44043,182.67038
10/30/2019,9422.462891,190.336395
10/31/2019,9202.458008,184.797623
11/1/2019,9193.992188,183.803696
11/2/2019,9259.783203,184.018158
11/3/2019,9324.787109,183.994827
11/4/2019,9235.607422,182.319031
11/5/2019,9413.004883,186.309311
11/6/2019,9340.864258,189.113495
11/7/2019,9352.393555,191.504303
11/8/2019,9265.368164,187.924271
11/9/2019,8809.46875,184.311722
11/10/2019,8812.489258,184.943359
11/11/2019,9056.917969,189.50293
11/12/2019,8759.751953,185.564835
11/13/2019,8812.033203,186.942444
11/14/2019,8811.936523,188.272507
11/15/2019,8705.708008,186.058167
11/16/2019,8491.166016,180.4991
11/17/2019,8549.470703,183.35083
11/18/2019,8573.980469,185.041458
11/19/2019,8305.134766,180.502457
11/20/2019,8203.613281,177.415283
11/21/2019,8023.644531,175.673599
11/22/2019,7643.569336,161.50589
11/23/2019,7296.164551,150.212219
11/24/2019,7398.633789,153.430527
11/25/2019,7039.977051,142.697006
11/26/2019,7145.15918,146.404312
11/27/2019,7220.880859,148.39682
11/28/2019,7536.820313,153.069244
11/29/2019,7466.727051,151.7686
11/30/2019,7764.057129,155.286407
12/1/2019,7571.616211,152.491928
12/2/2019,7424.036133,151.175476
12/3/2019,7323.975586,149.058243
12/4/2019,7320.125,147.918381
12/5/2019,7253.241699,146.686493
12/6/2019,7450.561523,149.396484
12/7/2019,7547.265625,149.197601
12/8/2019,7551.338867,148.743683
12/9/2019,7561.79541,151.224396
12/10/2019,7397.134277,148.179855
12/11/2019,7277.197754,146.320648
12/12/2019,7216.73877,143.615662
12/13/2019,7244.662109,145.655685
12/14/2019,7268.902832,144.953415
12/15/2019,7124.239746,142.86499
12/16/2019,7153.663086,143.139526
12/17/2019,6931.31543,133.647186
12/18/2019,6647.698242,122.656837
12/19/2019,7277.59082,133.05278
12/20/2019,7208.636719,129.384369
12/21/2019,7220.59375,129.095963
12/22/2019,7191.188477,128.098129
12/23/2019,7508.902344,132.306992
12/24/2019,7354.393066,128.629257
12/25/2019,7325.755859,129.068497
12/26/2019,7274.799316,126.486328
12/27/2019,7238.141113,126.368797
12/28/2019,7289.03125,127.213013
12/29/2019,7317.647461,128.266876
12/30/2019,7420.272949,134.796524
12/31/2019,7294.438965,132.612274
1/1/2020,7194.89209,129.630661
1/2/2020,7202.55127,130.820038
1/3/2020,6984.428711,127.411263
1/4/2020,7345.375488,134.168518
1/5/2020,7410.45166,135.072098
1/6/2020,7410.452148,136.305542
1/7/2020,7768.682129,144.311996
1/8/2020,8161.935547,143.487823
1/9/2020,8082.295898,141.155777
1/10/2020,7878.307617,138.967041
1/11/2020,8162.190918,143.409103
1/12/2020,8033.261719,143.032547
1/13/2020,8189.771973,146.220139
1/14/2020,8140.933105,144.251053
1/15/2020,8825.34375,165.734619
1/16/2020,8812.481445,166.332825
1/17/2020,8725.209961,164.48938
1/18/2020,8927.211914,170.747726
1/19/2020,8941.445313,175.46759
1/20/2020,8704.631836,166.904129
1/21/2020,8658.991211,167.060471
1/22/2020,8744.210938,169.608536
1/23/2020,8680.650391,168.2957
1/24/2020,8405.567383,162.899368
1/25/2020,8440.119141,163.067291
1/26/2020,8364.410156,161.176819
1/27/2020,8597.308594,168.00885
1/28/2020,8912.524414,170.884857
1/29/2020,9357.470703,176.347885
1/30/2020,9316.016602,174.917709
1/31/2020,9508.313477,184.736908
2/1/2020,9346.357422,180.11377
2/2/2020,9389.820313,183.532501
2/3/2020,9344.683594,188.607407
2/4/2020,9292.841797,189.861725
2/5/2020,9183.416016,189.299103
2/6/2020,9617.821289,204.1297
2/7/2020,9726.00293,212.315887
2/8/2020,9793.070313,222.510971
2/9/2020,9863.894531,222.982239
2/10/2020,10115.55957,228.549133
2/11/2020,9855.891602,223.384933
2/12/2020,10202.3877,235.898224
2/13/2020,10323.96094,265.052704
2/14/2020,10211.55078,268.023285
2/15/2020,10313.85645,284.56131
2/16/2020,9889.179688,264.904053
2/17/2020,9936.560547,259.890564
2/18/2020,9691.230469,266.50882
2/19/2020,10143.79883,282.036285
2/20/2020,9629.325195,259.819855
2/21/2020,9611.782227,257.891113
2/22/2020,9687.707031,265.551575
2/23/2020,9663.318359,262.278412
2/24/2020,9921.583008,273.705078
2/25/2020,9651.3125,265.283386
2/26/2020,9338.290039,247.740204
2/27/2020,8825.09375,225.687042
2/28/2020,8788.728516,226.98761
2/29/2020,8671.212891,226.83345
3/1/2020,8599.758789,219.752686
3/2/2020,8563.264648,218.711624
3/3/2020,8865.387695,230.523972
3/4/2020,8788.541992,224.565338
3/5/2020,8760.285156,224.641891
3/6/2020,9078.308594,229.168427
3/7/2020,9121.600586,243.750198
3/8/2020,8908.206055,237.780685
3/9/2020,8111.146484,201.318497
3/10/2020,7922.146973,202.863953
3/11/2020,7910.089844,200.768036
3/12/2020,7913.616211,194.738922
3/13/2020,5017.831055,112.689995
3/14/2020,5573.077637,133.582474
3/15/2020,5201.066895,123.246063
3/16/2020,5385.229492,124.996117
3/17/2020,5002.578125,110.406784
3/18/2020,5227.11377,113.857643
3/19/2020,5245.416504,114.839828
3/20/2020,6191.653809,136.649277
3/21/2020,6206.521484,133.101761
3/22/2020,6185.558105,132.851135
3/23/2020,5831.374512,123.365982
3/24/2020,6436.642578,135.194138
3/25/2020,6738.716797,138.914963
3/26/2020,6675.170898,136.190674
3/27/2020,6719.38916,138.369934
3/28/2020,6467.253906,134.032745
3/29/2020,6245.624512,131.015335
3/30/2020,5925.538574,125.577896
3/31/2020,6430.606445,132.820923
4/1/2020,6437.319336,133.61232
4/2/2020,6606.776367,135.732178
4/3/2020,6797.396484,142.110458
4/4/2020,6738.382813,142.215179
4/5/2020,6862.537598,145.261017
4/6/2020,6788.049805,143.608215
4/7/2020,7273.644043,169.147446
4/8/2020,7179.283203,165.240326
4/9/2020,7337.966309,172.761261
4/10/2020,7303.81543,170.829269
4/11/2020,6867.44043,158.538986
4/12/2020,6858.067871,158.232391
4/13/2020,6965.616699,160.720673
4/14/2020,6843.281738,156.355957
4/15/2020,6845.561523,157.565643
4/16/2020,6640.454102,153.200424
4/17/2020,7116.552734,172.279419
4/18/2020,7092.291504,171.618073
4/19/2020,7260.922363,186.861984
4/20/2020,7186.873535,181.480225
4/21/2020,6879.78418,172.017715
4/22/2020,6879.44043,172.670395
4/23/2020,7121.306152,182.620178
4/24/2020,7434.181641,185.222107
4/25/2020,7550.48291,189.207397
4/26/2020,7570.13916,195.413589
4/27/2020,7679.418945,197.475723
4/28/2020,7796.970215,197.273514
4/29/2020,7806.712402,198.465195
4/30/2020,8797.669922,216.909134
5/1/2020,8672.782227,207.901733
5/2/2020,8869.057617,214.230087
5/3/2020,8983.614258,215.352066
5/4/2020,8895.745117,210.890854
5/5/2020,8912.832031,208.013
5/6/2020,9007.441406,206.481354
5/7/2020,9261.895508,203.912857
5/8/2020,9936.162109,212.198242
5/9/2020,9840.90625,213.142166
5/10/2020,9591.168945,211.5522
5/11/2020,8755.535156,188.632187
5/12/2020,8610.385742,185.877335
5/13/2020,8805.387695,189.3741
5/14/2020,9271.329102,198.89151
5/15/2020,9734.291016,202.955399
5/16/2020,9333.240234,195.613388
5/17/2020,9374.929688,200.608871
5/18/2020,9675.695313,207.179779
5/19/2020,9727.063477,214.604935
5/20/2020,9725.329102,213.446243
5/21/2020,9522.740234,210.12915
5/22/2020,9080.334961,199.837112
5/23/2020,9185.0625,207.194489
5/24/2020,9212.283203,208.716064
5/25/2020,8786.107422,201.982651
5/26/2020,8909.585938,205.259567
5/27/2020,8837.380859,201.893005
5/28/2020,9184.945313,208.885437
5/29/2020,9528.355469,219.925049
5/30/2020,9438.914063,220.717209
5/31/2020,9700.105469,242.351379
6/1/2020,9463.605469,230.86026
6/2/2020,10162.97363,246.828186
6/3/2020,9533.760742,237.395218
6/4/2020,9655.854492,244.105286
6/5/2020,9800.21582,244.349594
6/6/2020,9664.904297,241.201355
6/7/2020,9653.00293,241.908081
6/8/2020,9760.063477,245.178574
6/9/2020,9774.360352,246.175018
6/10/2020,9794.119141,244.822067
6/11/2020,9870.078125,247.548538
6/12/2020,9320.69043,231.625458
6/13/2020,9480.735352,237.544617
6/14/2020,9477.553711,238.968185
6/15/2020,9386.035156,234.058304
6/16/2020,9454.266602,229.762299
6/17/2020,9533.78418,234.492371
6/18/2020,9481.567383,232.898697
6/19/2020,9410.293945,231.954971
6/20/2020,9290.959961,226.976364
6/21/2020,9330.926758,229.216141
6/22/2020,9300.915039,229.003372
6/23/2020,9644.076172,242.537018
6/24/2020,9632.149414,244.185928
6/25/2020,9314.126953,235.70285
6/26/2020,9260.995117,232.877487
6/27/2020,9167.824219,229.631485
6/28/2020,9048.460938,222.91449
6/29/2020,9140.029297,225.361435
6/30/2020,9185.581055,227.96843
7/1/2020,9145.985352,226.134583
7/2/2020,9231.139648,231.28891
7/3/2020,9124.842773,229.318954
7/4/2020,9084.233398,225.288483
7/5/2020,9126.09082,228.976196
7/6/2020,9072.849609,227.685013
7/7/2020,9349.161133,240.972595
7/8/2020,9253.020508,239.159973
7/9/2020,9427.994141,246.748291
7/10/2020,9273.357422,242.868011
7/11/2020,9277.511719,241.044785
7/12/2020,9241.054688,239.459641
7/13/2020,9277.205078,242.18187
7/14/2020,9238.703125,239.975616
7/15/2020,9241.897461,240.143646
7/16/2020,9191.980469,238.450912
7/17/2020,9131.8125,233.691391
7/18/2020,9151.183594,232.855682
7/19/2020,9158.005859,235.458298
7/20/2020,9187.220703,238.494873
7/21/2020,9162.514648,236.302505
7/22/2020,9375.080078,245.037262
7/23/2020,9527.141602,262.388641
7/24/2020,9585.514648,274.722687
7/25/2020,9539.485352,279.026367
7/26/2020,9680.234375,303.692383
7/27/2020,9905.217773,309.657928
7/28/2020,11017.46387,321.829742
7/29/2020,10912.95313,316.555359
7/30/2020,11099.83301,318.144989
7/31/2020,11110.21094,334.633728
8/1/2020,11322.57031,345.798615
8/2/2020,11758.76465,385.549866
8/3/2020,11043.76856,371.13385
8/4/2020,11246.20313,386.156464
8/5/2020,11203.82324,389.710815
8/6/2020,11749.87109,401.583862
8/7/2020,11778.89453,395.226868
8/8/2020,11604.55371,379.551575
8/9/2020,11737.3252,395.305237
8/10/2020,11662.25684,391.041504
8/11/2020,11881.64746,395.894714
8/12/2020,11404.59668,380.063812
8/13/2020,11588.40527,390.838104
8/14/2020,11772.65918,428.677277
8/15/2020,11768.69727,437.562988
8/16/2020,11866.68555,433.350586
8/17/2020,11895.6582,433.973755
8/18/2020,12251.89551,429.669617
8/19/2020,11990.88477,423.738586
8/20/2020,11761.5,406.758911
8/21/2020,11878.02637,416.148773
8/22/2020,11585.47754,389.031097
8/23/2020,11679.69629,395.562836
8/24/2020,11663.68945,391.678986
8/25/2020,11773.58887,408.071686
8/26/2020,11366.89453,383.977448
8/27/2020,11485.6084,386.609863
8/28/2020,11325.2959,382.629578
8/29/2020,11541.05469,395.687592
8/30/2020,11508.71387,399.616699
8/31/2020,11713.30664,428.509003
9/1/2020,11679.31641,434.874451
9/2/2020,11964.82324,477.007874
9/3/2020,11407.19141,440.23999
9/4/2020,10230.36523,384.671631
9/5/2020,10512.53027,388.038391
9/6/2020,10167.2168,335.334564
9/7/2020,10280.99805,353.450256
9/8/2020,10369.30664,353.202271
9/9/2020,10134.15137,337.824921
9/10/2020,10242.33008,351.429321
9/11/2020,10369.02832,368.1185
9/12/2020,10409.86133,374.595398
9/13/2020,10452.39941,387.519287
9/14/2020,10328.73438,365.699585
9/15/2020,10677.75488,377.154022
9/16/2020,10797.76172,364.743988
9/17/2020,10973.25195,365.865784
9/18/2020,10951.82031,389.337494
9/19/2020,10933.75293,384.041656
9/20/2020,11095.87012,385.597992
9/21/2020,10934.92578,371.400146
9/22/2020,10459.62402,341.723816
9/23/2020,10535.49219,344.589905
9/24/2020,10248.78613,320.985016
9/25/2020,10761.10938,349.411438
9/26/2020,10695.5752,352.350891
9/27/2020,10746.89258,354.9599
9/28/2020,10776.61328,357.925934
9/29/2020,10709.65039,354.363007
9/30/2020,10843.87109,360.038513
10/1/2020,10795.25488,360.309143
10/2/2020,10619.82129,352.949677
10/3/2020,10575.10059,346.218628
10/4/2020,10550.44043,346.602234
10/5/2020,10676.5293,352.736816
10/6/2020,10796.30664,353.956482
10/7/2020,10603.35547,340.943085
10/8/2020,10669.37109,342.044647
10/9/2020,10927.91309,351.112885
10/10/2020,11059.14258,365.402466
10/11/2020,11296.08203,370.928436
10/12/2020,11392.63574,374.798737
10/13/2020,11548.71973,387.142944
10/14/2020,11429.04785,381.971466
10/15/2020,11426.60254,379.19223
10/16/2020,11502.82813,377.8685
10/17/2020,11322.12305,366.015717
10/18/2020,11355.98242,368.727539
10/19/2020,11495.03809,378.469635
10/20/2020,11745.97461,379.719696
10/21/2020,11913.07715,369.059418
10/22/2020,12801.63574,391.488617
10/23/2020,12971.54883,414.051331
10/24/2020,12931.57422,409.767242
10/25/2020,13108.06348,412.457642
10/26/2020,13031.20117,406.217987
10/27/2020,13075.24219,393.888184
10/28/2020,13654.21484,403.997101
10/29/2020,13271.29883,388.651062
10/30/2020,13437.87402,386.730255
10/31/2020,13546.53223,382.820038
11/1/2020,13780.99512,386.590332
11/2/2020,13737.03223,396.355988
11/3/2020,13550.45117,383.156036
11/4/2020,13950.48828,387.60321
11/5/2020,14133.7334,402.142944
11/6/2020,15579.72949,414.066711
11/7/2020,15565.88086,454.722565
11/8/2020,14833.75391,435.718811
11/9/2020,15479.5957,453.574158
11/10/2020,15332.35059,444.166382
11/11/2020,15290.90918,449.679657
11/12/2020,15701.29883,462.959534
11/13/2020,16276.44043,461.005493
11/14/2020,16317.80859,474.626434
11/15/2020,16068.13965,460.149902
11/16/2020,15955.57715,447.55899
11/17/2020,16685.69141,464.406647
11/18/2020,17645.19141,480.346832
11/19/2020,17803.86133,479.481018
11/20/2020,17817.08398,471.63147
11/21/2020,18621.31641,509.744598
11/22/2020,18642.23242,549.486633
11/23/2020,18370.01758,558.059509
11/24/2020,18365.01563,608.522766
11/25/2020,19104.41016,603.902039
11/26/2020,18729.83984,570.514893
11/27/2020,17153.91406,519.108093
11/28/2020,17112.93359,517.597351
11/29/2020,17719.63477,538.264587
11/30/2020,18178.32227,575.75708
12/1/2020,19633.76953,615.070313
12/2/2020,18801.74414,587.261597
12/3/2020,19205.92578,598.459229
12/4/2020,19446.9668,616.722778
12/5/2020,18698.38477,569.347656
12/6/2020,19154.17969,596.568665
12/7/2020,19343.12891,601.797119
12/8/2020,19191.5293,591.900818
12/9/2020,18320.88477,554.792908
12/10/2020,18553.29883,573.504028
12/11/2020,18263.92969,559.679199
12/12/2020,18051.32031,545.578552
12/13/2020,18806.76563,568.609863
12/14/2020,19144.49219,589.782471
12/15/2020,19246.91992,586.02179
12/16/2020,19418.81836,589.378662
12/17/2020,21308.35156,636.154175
12/18/2020,22806.79688,642.916992
12/19/2020,23132.86523,654.624207
12/20/2020,23861.76563,659.185059
12/21/2020,23474.45508,638.315186
12/22/2020,22794.03906,609.420532
12/23/2020,23781.97461,634.824585
12/24/2020,23240.20313,584.13562
12/25/2020,23733.57031,611.554565
12/26/2020,24677.01563,626.498047
12/27/2020,26439.37305,635.887146
12/28/2020,26280.82227,683.205811
12/29/2020,27081.81055,730.358704
12/30/2020,27360.08984,731.472839
12/31/2020,28841.57422,751.626648
1/1/2021,28994.00977,737.708374
1/2/2021,29376.45508,730.402649
1/3/2021,32129.4082,774.511841
1/4/2021,32810.94922,977.058838
1/5/2021,31977.04102,1041.498779
1/6/2021,34013.61328,1101.005005
1/7/2021,36833.875,1208.078369
1/8/2021,39381.76563,1225.967896
1/9/2021,40788.64063,1223.740479
1/10/2021,40254.21875,1280.871094
1/11/2021,38346.53125,1261.622925
1/12/2021,35516.35938,1088.526733
1/13/2021,33915.12109,1043.740967
1/14/2021,37325.10938,1130.231201
1/15/2021,39156.70703,1221.877197
1/16/2021,36821.64844,1171.443115
1/17/2021,36163.64844,1233.453369
1/18/2021,35792.23828,1230.313232
1/19/2021,36642.23438,1257.43457
1/20/2021,36050.11328,1375.248413
1/21/2021,35549.39844,1382.684448
1/22/2021,30817.625,1118.889038
1/23/2021,32985.75781,1235.267944
1/24/2021,32064.37695,1231.210571
1/25/2021,32285.79883,1390.639893
1/26/2021,32358.61328,1323.741699
1/27/2021,32564.0293,1358.333374
1/28/2021,30441.04102,1251.279785
1/29/2021,34318.67188,1369.086792
1/30/2021,34295.93359,1382.231934
1/31/2021,34270.87891,1376.823608
2/1/2021,33114.57813,1314.855225
2/2/2021,33533.19922,1369.505127
2/3/2021,35510.82031,1514.769653
2/4/2021,37475.10547,1661.170166
2/5/2021,36931.54688,1594.793335
2/6/2021,38138.38672,1717.797485
2/7/2021,39250.19141,1677.605713
2/8/2021,38886.82813,1613.642212
2/9/2021,46184.99219,1746.926147
2/10/2021,46469.76172,1768.039795
2/11/2021,44898.71094,1743.714233
2/12/2021,47877.03516,1783.489136
2/13/2021,47491.20313,1843.986816
2/14/2021,47114.50781,1814.372314
2/15/2021,48696.53516,1804.676758
2/16/2021,47944.45703,1778.945557
2/17/2021,49207.27734,1781.350098
2/18/2021,52140.97266,1848.206299
2/19/2021,51675.98047,1938.859863
2/20/2021,55887.33594,1959.902954
2/21/2021,56068.56641,1918.673096
2/22/2021,57532.73828,1935.557861
2/23/2021,54204.92969,1781.409058
2/24/2021,48835.08594,1571.47644
2/25/2021,49709.08203,1625.393921
2/26/2021,47180.46484,1478.65332
2/27/2021,46344.77344,1446.929443
2/28/2021,46194.01563,1459.860474
3/1/2021,45159.50391,1417.151123
3/2/2021,49612.10547,1564.063477
3/3/2021,48415.81641,1491.451172
3/4/2021,50522.30469,1574.623779
3/5/2021,48527.03125,1541.541748
3/6/2021,48899.23047,1532.372803
3/7/2021,48918.67969,1655.392456
3/8/2021,51174.11719,1724.229248
3/9/2021,52272.96875,1835.148071
3/10/2021,54824.01172,1868.489014
3/11/2021,55963.17969,1798.033936
3/12/2021,57821.21875,1826.546753
3/13/2021,57343.37109,1772.166382
3/14/2021,61221.13281,1923.86377
3/15/2021,59267.42969,1854.08667
3/16/2021,55840.78516,1792.413818
3/17/2021,56825.82813,1807.056152
3/18/2021,58893.07813,1823.158447
3/19/2021,57850.44141,1782.568726
3/20/2021,58332.26172,1817.522705
3/21/2021,58309.91406,1812.606567
3/22/2021,57517.89063,1788.362183
3/23/2021,54511.66016,1690.871826
3/24/2021,54710.48828,1678.002563
3/25/2021,52726.74609,1593.123291
3/26/2021,51683.01172,1595.210083
3/27/2021,55137.56641,1703.036133
3/28/2021,55974.94141,1716.40564
3/29/2021,55947.89844,1691.263184
3/30/2021,57750.13281,1819.466309
3/31/2021,58930.27734,1846.098267
4/1/2021,58926.5625,1919.157227
4/2/2021,59098.87891,1976.932739
4/3/2021,59397.41016,2142.895996
4/4/2021,57604.83984,2027.671265
4/5/2021,58760.875,2093.260742
4/6/2021,59171.93359,2109.493164
4/7/2021,58186.50781,2117.728516
4/8/2021,56099.91406,1969.133179
4/9/2021,58326.5625,2088.772217
4/10/2021,58253.77734,2071.111572
4/11/2021,59846.23047,2136.156982
4/12/2021,60175.94531,2157.361816
4/13/2021,59890.01953,2139.364258
4/14/2021,63523.75391,2299.3479
4/15/2021,63075.19531,2436.034668
4/16/2021,63258.50391,2516.601807
4/17/2021,61529.92188,2429.980957
4/18/2021,60701.88672,2346.452393
4/19/2021,56191.58594,2238.032715
4/20/2021,55681.79297,2161.939453
4/21/2021,56471.12891,2331.160156
4/22/2021,53857.10547,2357.871094
4/23/2021,51739.80859,2401.256348
4/24/2021,51143.22656,2367.199219
4/25/2021,50052.83203,2214.413818
4/26/2021,49077.79297,2319.478027
4/27/2021,54030.30469,2534.03125
4/28/2021,55036.63672,2664.685547
4/29/2021,54858.08984,2748.649658
4/30/2021,53568.66406,2757.734131
5/1/2021,57714.66406,2772.838379
5/2/2021,57825.86328,2945.560059
5/3/2021,56620.27344,2951.175781
5/4/2021,57214.17969,3431.131592
5/5/2021,53252.16406,3240.554688
5/6/2021,57441.30859,3524.930908
5/7/2021,56413.95313,3490.105225
5/8/2021,57352.76563,3481.988037
5/9/2021,58877.39063,3911.463135
5/10/2021,58250.87109,3924.41333
5/11/2021,55847.24219,3948.271973
5/12/2021,56714.53125,4174.635742
5/13/2021,49735.43359,3828.918457
5/14/2021,49682.98047,3720.122314
5/15/2021,49855.49609,4075.95166
5/16/2021,46716.63672,3641.830811
5/17/2021,46415.89844,3581.343018
5/18/2021,43488.05859,3276.872314
5/19/2021,42944.97656,3382.657227
5/20/2021,36753.66797,2439.638672
5/21/2021,40596.94922,2772.341309
5/22/2021,37371.03125,2436.014648
5/23/2021,37531.44922,2298.367188
5/24/2021,34700.36328,2099.936035
5/25/2021,38795.78125,2649.033203
5/26/2021,38392.625,2707.052734
5/27/2021,39316.89063,2888.752441
5/28/2021,38507.08203,2742.468994
5/29/2021,35684.15625,2414.067139
5/30/2021,34607.40625,2278.288818
5/31/2021,35658.59375,2387.198486
6/1/2021,37293.79297,2707.560547
6/2/2021,36699.92188,2634.456055
6/3/2021,37599.41016,2708.376221
6/4/2021,39242.48438,2857.165527
6/5/2021,36880.15625,2691.619385
6/6/2021,35538.60938,2629.748779
6/7/2021,35835.26563,2713.047363
6/8/2021,33589.51953,2594.602295
6/9/2021,33416.97656,2510.199219
6/10/2021,37389.51563,2611.142578
6/11/2021,36697.03125,2472.858887
6/12/2021,37340.14453,2354.752197
6/13/2021,35555.78906,2372.690186
6/14/2021,39016.96875,2508.770508
6/15/2021,40427.16797,2587.762695
6/16/2021,40168.69141,2544.864746
6/17/2021,38341.42188,2367.306396
6/18/2021,38099.47656,2374.586914
6/19/2021,35854.52734,2235.15918
6/20/2021,35563.14063,2171.337891
6/21/2021,35641.14453,2245.317871
6/22/2021,31622.37695,1886.667603
6/23/2021,32515.71484,1878.625
6/24/2021,33682.80078,1968.957397
6/25/2021,34659.10547,1989.21582
6/26/2021,31594.66406,1810.884277
6/27/2021,32287.52344,1830.996948
6/28/2021,34679.12109,1981.386475
6/29/2021,34475.55859,2083.44873
6/30/2021,35908.38672,2164.216309
7/1/2021,35035.98438,2274.397461
7/2/2021,33549.60156,2109.892578
7/3/2021,33854.42188,2150.834961
7/4/2021,34665.56641,2226.550293
7/5/2021,35284.34375,2321.922852
7/6/2021,33723.50781,2197.919434
7/7/2021,34225.67969,2323.208496
7/8/2021,33889.60547,2317.949219
7/9/2021,32861.67188,2115.573975
7/10/2021,33811.24219,2146.999756
7/11/2021,33509.07813,2110.875732
7/12/2021,34254.01563,2140.506836
7/13/2021,33125.46875,2034.098389
7/14/2021,32723.8457,1941.167847
7/15/2021,32827.875,1994.712036
7/16/2021,31841.55078,1916.598389
7/17/2021,31397.30859,1876.881348
7/18/2021,31533.88477,1900.194336
7/19/2021,31800.01172,1893.053589
7/20/2021,30838.28516,1819.082031
7/21/2021,29796.28516,1786.276245
7/22/2021,32138.87305,1994.822876
7/23/2021,32305.95898,2025.105713
7/24/2021,33593.73047,2123.961182
7/25/2021,34290.29297,2187.145508
7/26/2021,35384.03125,2191.309814
7/27/2021,37276.03516,2230.197021
7/28/2021,39503.1875,2302.081299
7/29/2021,39995.45313,2299.011963
7/30/2021,40027.48438,2382.545166
7/31/2021,42196.30469,2461.575684
8/1/2021,41460.84375,2530.462891
8/2/2021,39907.26172,2557.774658
8/3/2021,39178.40234,2609.413086
8/4/2021,38213.33203,2508.544922
8/5/2021,39744.51563,2725.669678
8/6/2021,40865.86719,2827.503418
8/7/2021,42832.79688,2891.70752
8/8/2021,44574.4375,3161.232666
8/9/2021,43791.92578,3012.885742
8/10/2021,46280.84766,3163.050049
8/11/2021,45599.70313,3142.830322
8/12/2021,45576.87891,3164.175781
8/13/2021,44439.69141,3049.001221
8/14/2021,47810.6875,3322.762695
8/15/2021,47096.66797,3266.276123
8/16/2021,47019.96094,3309.422119
8/17/2021,45936.45703,3149.380371
8/18/2021,44686.75,3011.963623
8/19/2021,44741.88281,3019.126953
8/20/2021,46723.12109,3182.162598
8/21/2021,49327.07422,3286.931641
8/22/2021,48869.10547,3226.227295
8/23/2021,49291.67578,3241.357422
8/24/2021,49562.34766,3324.855469
8/25/2021,47727.25781,3174.269775
8/26/2021,49002.64063,3228.747314
8/27/2021,46894.55469,3096.406006
8/28/2021,49072.58594,3275.104492
8/29/2021,48911.25,3246.770996
8/30/2021,48834.85156,3227.192627
8/31/2021,47024.33984,3227.758057
9/1/2021,47099.77344,3430.762451
9/2/2021,48807.84766,3825.027832
9/3/2021,49288.25,3787.486572
9/4/2021,50009.32422,3937.910156
9/5/2021,49937.85938,3886.331055
9/6/2021,51769.00391,3951.520752
9/7/2021,52660.48047,3926.527588
9/8/2021,46827.76172,3428.378174
9/9/2021,45774.74219,3452.54834
9/10/2021,46396.66406,3425.564941
9/11/2021,44869.83984,3209.030518
9/12/2021,45206.62891,3270.291748
9/13/2021,46057.21484,3407.471924
9/14/2021,44960.05078,3286.316406
9/15/2021,47098,3431.217285
9/16/2021,48158.90625,3613.07373
9/17/2021,47771.00391,3569.568115
9/18/2021,47273.52734,3397.422852
9/19/2021,48268.85547,3433.287842
9/20/2021,47261.40625,3329.670654
9/21/2021,43012.23438,2977.310547
9/22/2021,40677.95313,2763.209229
9/23/2021,43560.29688,3077.974365
9/24/2021,44894.30078,3154.562012
9/25/2021,42840.89063,2930.884766
9/26/2021,42721.62891,2926.343018
9/27/2021,43234.18359,3065.837891
9/28/2021,42200.89844,2928.963379
9/29/2021,41064.98438,2809.297607
9/30/2021,41551.26953,2852.558838
10/1/2021,43816.74219,3001.129395
10/2/2021,48137.46875,3308.870361
10/3/2021,47680.02734,3390.767578
10/4/2021,48208.90625,3418.776367
10/5/2021,49174.96094,3381.784424
10/6/2021,51486.66406,3516.570313
10/7/2021,55338.625,3576.814453
10/8/2021,53802.14453,3587.832764
10/9/2021,53929.78125,3559.997803
10/10/2021,54952.82031,3575.020508
10/11/2021,54734.125,3419.726807
10/12/2021,57526.83203,3546.477783
10/13/2021,56038.25781,3492.753662
10/14/2021,57372.83203,3604.958984
10/15/2021,57345.90234,3790.154297
10/16/2021,61609.52734,3865.666504
10/17/2021,60887.65234,3829.858887
10/18/2021,61548.80469,3847.72998
10/19/2021,62043.16406,3747.162842
10/20/2021,64284.58594,3877.730957
10/21/2021,66002.23438,4161.713379
10/22/2021,62237.89063,4055.686523
10/23/2021,60694.62891,3971.356445
10/24/2021,61368.34375,4171.855957
10/25/2021,60893.92578,4084.425781
10/26/2021,63032.76172,4217.337891
10/27/2021,60352,4132.17334
10/28/2021,58470.73047,3924.81543
10/29/2021,60624.87109,4288.686523
10/30/2021,62239.36328,4414.243652
10/31/2021,61850.48828,4322.744141
11/1/2021,61320.44922,4288.217285
11/2/2021,60963.25391,4322.500977
11/3/2021,63254.33594,4589.68457
11/4/2021,62941.80469,4604.678711
11/5/2021,61460.07813,4537.42334
11/6/2021,61068.875,4482.647949
11/7/2021,61554.92188,4523.981934
11/8/2021,63344.06641,4619.649414
11/9/2021,67549.73438,4810.071289
11/10/2021,66953.33594,4733.362793
11/11/2021,64978.89063,4635.453613
11/12/2021,64863.98047,4724.306641
11/13/2021,64158.12109,4666.719238
11/14/2021,64455.37109,4648.632813
11/15/2021,65521.28906,4627.09082
11/16/2021,63721.19531,4570.478027
11/17/2021,60139.62109,4213.910645
11/18/2021,60360.13672,4287.802246
11/19/2021,56896.12891,3995.729492
11/20/2021,58115.08203,4298.350586
11/21/2021,59730.50781,4412.195313
11/22/2021,58706.84766,4266.509277
11/23/2021,56304.55469,4089.68042
11/24/2021,57565.85156,4340.036133
11/25/2021,57165.41797,4271.394531
11/26/2021,58960.28516,4522.208984
11/27/2021,53736.42969,4042.999023
11/28/2021,54813.02344,4101.648926
11/29/2021,57291.90625,4296.946777
11/30/2021,57830.11328,4447.768066
12/1/2021,56907.96484,4623.679688
12/2/2021,57217.37109,4586.333008
12/3/2021,56509.16406,4514.355957
12/4/2021,53727.87891,4227.762207
12/5/2021,49201.51953,4119.628906
12/6/2021,49413.48047,4199
12/7/2021,50581.82813,4358.586914
12/8/2021,50667.64844,4311.674316
12/9/2021,50450.08203,4433.024902
12/10/2021,47642.14453,4113.588379
12/11/2021,47264.63281,3909.667725
12/12/2021,49354.85547,4084.811279
12/13/2021,50114.74219,4136.359863
12/14/2021,46709.82422,3782.822754
12/15/2021,48379.75391,3862.251465
12/16/2021,48900.46484,4020.415039
12/17/2021,47653.73047,3959.012451
12/18/2021,46219.25391,3880.291504
12/19/2021,46853.86719,3960.872314
12/20/2021,46707.0625,3923.695801
12/21/2021,46886.07813,3938.463867
12/22/2021,48937.09766,4018.695801
12/23/2021,48626.34375,3981.96167
12/24/2021,50806.05078,4111.345215
12/25/2021,50854.91797,4049.781982
12/26/2021,50428.69141,4094.151611
12/27/2021,50802.60938,4064.746338
12/28/2021,50679.85938,4037.538086
12/29/2021,47623.87109,3797.436279
12/30/2021,46490.60547,3632.219727
12/31/2021,47169.37109,3713.430176
1/1/2022,46311.74609,3683.047119
1/2/2022,47680.92578,3769.29834
1/3/2022,47343.54297,3829.535645
1/4/2022,46458.85156,3761.361572
1/5/2022,45899.35938,3794.269043
1/6/2022,43565.51172,3549.708984
1/7/2022,43153.57031,3417.837891
1/8/2022,41561.46484,3193.502441
1/9/2022,41734.72656,3091.696289
1/10/2022,41910.23047,3157.570557
1/11/2022,41819.50781,3082.990967
1/12/2022,42742.17969,3238.449951
1/13/2022,43946.74219,3372.10498
1/14/2022,42598.87109,3248.648682
1/15/2022,43101.89844,3309.844238
1/16/2022,43172.03906,3330.387207
1/17/2022,43118.12109,3350.947266
1/18/2022,42250.07422,3212.287598
1/19/2022,42374.03906,3163.850342
1/20/2022,41744.02734,3095.271729
1/21/2022,40699.60547,3002.956787
1/22/2022,36471.58984,2561.145264
1/23/2022,35047.35938,2406.924316
1/24/2022,36275.73438,2535.891113
1/25/2022,36654.80469,2440.393555
1/26/2022,36950.51563,2455.579102
1/27/2022,36841.87891,2467.188477
1/28/2022,37128.44531,2421.646973
1/29/2022,37780.71484,2546.590576
1/30/2022,38151.91797,2598.564941
1/31/2022,37920.28125,2603.263428
2/1/2022,38481.76563,2687.898926
2/2/2022,38743.71484,2791.958984
2/3/2022,36944.80469,2682.226074
2/4/2022,37149.26563,2681.057617
2/5/2022,41501.48047,2984.446045
2/6/2022,41441.12109,3014.959717
2/7/2022,42406.78125,3057.422119
2/8/2022,43854.65234,3143.008545
2/9/2022,44096.70313,3121.182617
2/10/2022,44347.80078,3240.113037
2/11/2022,43571.12891,3077.413086
2/12/2022,42412.30078,2927.386475
2/13/2022,42236.56641,2916.789551
2/14/2022,42157.39844,2880.187744
2/15/2022,42586.46484,2933.729004
2/16/2022,44578.27734,3180.446777
2/17/2022,43937.07031,3126.858398
2/18/2022,40552.13281,2884.340576
2/19/2022,40026.02344,2784.872803
2/20/2022,40118.10156,2763.756592
2/21/2022,38423.21094,2627.665527
2/22/2022,37068.76953,2572.898682
2/23/2022,38285.28125,2639.447021
2/24/2022,37278.56641,2588.16626
2/25/2022,38333.74609,2598.436279
2/26/2022,39213.08203,2764.989502
2/27/2022,39098.69922,2780.504395
2/28/2022,37706,2621.172119
3/1/2022,43194.50391,2919.775879
3/2/2022,44357.61719,2972.471924
3/3/2022,43925.19531,2950.156738
3/4/2022,42458.14063,2834.987305
3/5/2022,39148.44922,2618.473633
3/6/2022,39404.19922,2664.943604
3/7/2022,38429.30469,2555.297607
3/8/2022,38059.90234,2497.721436
3/9/2022,38742.81641,2577.165283
3/10/2022,41974.07031,2729.116455
3/11/2022,39439.96875,2608.27124
3/12/2022,38794.46484,2559.660645
3/13/2022,38884.72656,2573.488037
3/14/2022,37846.31641,2518.486328
3/15/2022,39664.25,2590.668945
3/16/2022,39335.57031,2620.028564
3/17/2022,41140.84375,2771.964111
3/18/2022,40944.83984,2814.43457
3/19/2022,41794.64844,2944.72168
3/20/2022,42191.40625,2946.547607
3/21/2022,41246.13281,2860.103271
3/22/2022,41074.10547,2897.77417
3/23/2022,42364.37891,2973.14502
3/24/2022,42886.65234,3031.060791
3/25/2022,43964.54688,3108.448975
3/26/2022,44349.85938,3106.405273
3/27/2022,44505.35547,3143.795654
3/28/2022,46821.85156,3292.32251
3/29/2022,47100.4375,3335.02124
3/30/2022,47456.89844,3401.526123
3/31/2022,47062.14844,3385.289307
4/1/2022,45554.16406,3282.576172
4/2/2022,46285.5,3449.788574
4/3/2022,45859.12891,3444.810547
4/4/2022,46445.27344,3522.36499
4/5/2022,46624.50781,3521.239746
4/6/2022,45544.35547,3411.672119
4/7/2022,43207.5,3172.197266
4/8/2022,43505.13672,3233.272461
4/9/2022,42282.07813,3191.976074
4/10/2022,42781.08984,3261.291504
4/11/2022,42201.03906,3209.576904
4/12/2022,39533.71484,2981.420654
4/13/2022,40123.57031,3029.87793
4/14/2022,41160.21875,3117.821777
4/15/2022,39939.40234,3020.134521
4/16/2022,40552.31641,3041.123291
4/17/2022,40417.77734,3061.881836
4/18/2022,39721.20313,2993.483887
4/19/2022,40828.17578,3057.570313
4/20/2022,41501.74609,3103.935059
4/21/2022,41371.51563,3077.829346
4/22/2022,40525.86328,2986.938721
4/23/2022,39738.72266,2964.802246
4/24/2022,39478.375,2937.347168
4/25/2022,39472.60547,2922.990234
4/26/2022,40448.42188,3008.946289
4/27/2022,38120.30078,2808.645996
4/28/2022,39241.42969,2888.849854
4/29/2022,39768.61719,2936.776611
4/30/2022,38605.85938,2815.533447
5/1/2022,37713.26563,2729.994141
5/2/2022,38472.1875,2827.614014
5/3/2022,38528.10938,2857.152344
5/4/2022,37748.01172,2783.131104
5/5/2022,39695.74609,2940.226563
5/6/2022,36573.18359,2748.931641
5/7/2022,36042.50391,2694.991943
5/8/2022,35502.94141,2636.121826
5/9/2022,34060.01563,2518.508301
5/10/2022,30273.6543,2242.650391
5/11/2022,31016.18359,2342.75415
5/12/2022,28936.73438,2072.504639
5/13/2022,29030.91016,1960.122559
5/14/2022,29285.64258,2014.28064
5/15/2022,30098.58594,2056.183105
5/16/2022,31304.375,2145.836914
5/17/2022,29862.4082,2022.882324
5/18/2022,30424.47852,2090.459961
5/19/2022,28720.35938,1916.149536
5/20/2022,30311.11914,2018.000122
5/21/2022,29199.85938,1961.017944
5/22/2022,29432.47266,1974.670654
5/23/2022,30309.39648,2042.344727
5/24/2022,29101.125,1972.390869
5/25/2022,29653.13477,1978.677002
5/26/2022,29564.77734,1945.033325
5/27/2022,29251.14063,1802.543823
5/28/2022,28622.625,1724.635986
5/29/2022,29019.86719,1792.184448
5/30/2022,29443.36523,1811.885986
5/31/2022,31723.86523,1996.408081
6/1/2022,31792.55469,1942.050659
6/2/2022,29794.89063,1822.412109
6/3/2022,30467.80664,1834.13501
6/4/2022,29706.13867,1775.220825
6/5/2022,29835.11719,1801.81897
6/6/2022,29910.2832,1805.635986
6/7/2022,31371.74219,1859.33374
6/8/2022,31151.48047,1814.100708
6/9/2022,30215.2793,1793.512817
6/10/2022,30110.33008,1789.689941
6/11/2022,29084.66602,1665.217896
6/12/2022,28373.51367,1530.189697
6/13/2022,26737.57813,1443.835449
6/14/2022,22487.98633,1204.555298
6/15/2022,22196.73047,1211.365967
6/16/2022,22576.30469,1233.603516
6/17/2022,20385.71875,1067.987671
6/18/2022,20473.42578,1086.37793
6/19/2022,19010.90234,993.400635
6/20/2022,20553.37109,1127.65625
6/21/2022,20594.29492,1127.511841
6/22/2022,20719.41406,1125.372925
6/23/2022,19986.60742,1051.329346
6/24/2022,21084.64844,1143.204712
6/25/2022,21233.60938,1226.724731
6/26/2022,21496.49414,1242.987549
6/27/2022,21028.23828,1199.713135
6/28/2022,20731.54492,1193.254028
6/29/2022,20281.16992,1144.524414
6/30/2022,20108.3125,1099.353149
7/1/2022,19820.4707,1068.316772
7/2/2022,19274.83594,1060.121216
7/3/2022,19242.0957,1066.467407
7/4/2022,19297.31445,1073.794312
7/5/2022,20225.35352,1150.509766
7/6/2022,20194.61914,1134.822266
7/7/2022,20547.81445,1186.960938
7/8/2022,21637.1543,1237.580322
7/9/2022,21716.82813,1222.306885
7/10/2022,21591.08008,1216.904419
7/11/2022,20856.35352,1168.139038
7/12/2022,19970.47461,1097.259155
7/13/2022,19325.97266,1038.186646
7/14/2022,20211.4668,1113.515747
7/15/2022,20573.15625,1191.674805
7/16/2022,20834.10352,1232.791626
7/17/2022,21195.04102,1353.205078
7/18/2022,20781.91211,1338.80603
7/19/2022,22467.84961,1578.383911
7/20/2022,23393.19141,1542.954346
7/21/2022,23233.20117,1520.374512
7/22/2022,23163.75195,1576.745361
7/23/2022,22706.98438,1536.457397
7/24/2022,22465.50977,1549.222534
7/25/2022,22607.15625,1599.157227
7/26/2022,21361.12109,1445.151123
7/27/2022,21244.16992,1443.726807
7/28/2022,22933.64063,1636.231934
7/29/2022,23845.21289,1725.623901
7/30/2022,23796.81836,1727.06189
7/31/2022,23652.07031,1695.884766
8/1/2022,23336.71875,1681.445557
8/2/2022,23308.43359,1634.645874
8/3/2022,22981.30273,1633.05127
8/4/2022,22848.21484,1618.886719
8/5/2022,22626.83398,1607.523926
8/6/2022,23291.42383,1732.661133
8/7/2022,22963.50586,1691.777954
8/8/2022,23179.52734,1699.693481
8/9/2022,23811.48438,1776.071289
8/10/2022,23162.89844,1702.906494
8/11/2022,23948.3457,1851.828369
8/12/2022,23957.20313,1880.89917
8/13/2022,24402.1875,1957.333984
8/14/2022,24429.05664,1981.782471
8/15/2022,24318.31641,1936.760498
8/16/2022,24126.13672,1902.83313
8/17/2022,23881.31641,1877.934326
8/18/2022,23341.03906,1833.715576
8/19/2022,23213.3125,1847.095337
8/20/2022,20872.8418,1612.650635
8/21/2022,21160.39258,1576.543579
8/22/2022,21531.46289,1619.16687
8/23/2022,21401.04492,1622.939331
8/24/2022,21526.45508,1662.695435
8/25/2022,21395.45898,1657.336548
8/26/2022,21596.08594,1696.324585
8/27/2022,20262.48047,1508.156982
8/28/2022,20041.03516,1491.206787
8/29/2022,19615.1543,1430.439453
8/30/2022,20298.61133,1553.188965
8/31/2022,19799.58203,1524.286499
9/1/2022,20050.49805,1553.756348
9/2/2022,20126.07227,1586.017944
9/3/2022,19969.71875,1577.213745
9/4/2022,19832.4707,1556.895874
9/5/2022,19988.78906,1577.884033
9/6/2022,19817.72461,1617.240234
9/7/2022,18837.68359,1560.906738
9/8/2022,19289.94141,1629.805176
9/9/2022,19328.14063,1635.187744
9/10/2022,21376.91211,1718.961304
9/11/2022,21678.54297,1775.976074
9/12/2022,21770.14844,1762.084839
9/13/2022,22371.48047,1713.962524
9/14/2022,20184.55469,1574.858154
9/15/2022,20242.28906,1635.083008
9/16/2022,19704.00586,1471.928345
9/17/2022,19777.0332,1432.876465
9/18/2022,20127.23438,1469.705444
9/19/2022,19418.57227,1335.270752
9/20/2022,19545.5918,1377.619019
9/21/2022,18891.2832,1324.215576
9/22/2022,18534.65039,1251.567383
9/23/2022,19412.40039,1327.481201
9/24/2022,19296.99023,1328.244629
9/25/2022,18936.31055,1317.938477
9/26/2022,18803.90039,1294.386108
9/27/2022,19221.83984,1335.337036
9/28/2022,19104.62109,1329.541382
9/29/2022,19427.7793,1337.554443
9/30/2022,19573.43164,1335.646484
10/1/2022,19431.10547,1328.193726
10/2/2022,19311.84961,1311.753418
10/3/2022,19044.06836,1276.163452
10/4/2022,19623.58398,1323.27832
10/5/2022,20335.90039,1361.9729
10/6/2022,20161.03906,1352.806641
10/7/2022,19957.55859,1351.836426
10/8/2022,19546.32813,1332.371338
10/9/2022,19417.47852,1315.460205
10/10/2022,19446.41602,1322.618652
10/11/2022,19139,1291.109619
10/12/2022,19052.64648,1279.7323
10/13/2022,19156.9668,1294.917358
10/14/2022,19382.5332,1288.048706
10/15/2022,19185.4375,1297.305908
10/16/2022,19068.91406,1275.005493
10/17/2022,19268.5625,1306.30957
10/18/2022,19550.4668,1331.669922
10/19/2022,19335.02734,1310.56311
10/20/2022,19138.08594,1285.660278
10/21/2022,19053.20313,1283.18811
10/22/2022,19172.38086,1299.902344
10/23/2022,19207.73438,1314.249512
10/24/2022,19567.76953,1363.491821
10/25/2022,19344.96484,1344.711304
10/26/2022,20092.23633,1461.133179
10/27/2022,20772.80273,1566.841431
10/28/2022,20287.95703,1514.32312
10/29/2022,20595.10352,1555.274658
10/30/2022,20817.98242,1619.697876
10/31/2022,20633.69531,1590.481323
11/1/2022,20494.89844,1572.645386
11/2/2022,20482.95898,1579.497925
11/3/2022,20162.68945,1519.724854
11/4/2022,20208.76953,1531.397583
11/5/2022,21144.83203,1645.156494
11/6/2022,21285.05664,1627.901123
11/7/2022,20924.62109,1572.016968
11/8/2022,20600.67188,1568.32959
11/9/2022,18543.76172,1333.122437
11/10/2022,15883.1582,1100.107178
11/11/2022,17583.25195,1298.882446
11/12/2022,17036.875,1287.438354
11/13/2022,16799.72266,1255.441284
11/14/2022,16352.02832,1221.895508
11/15/2022,16617.48438,1241.677734
11/16/2022,16884.3418,1251.808838
11/17/2022,16670.42578,1215.848633
11/18/2022,16687.91211,1200.802124
11/19/2022,16696.2207,1212.215454
11/20/2022,16712.91992,1218.436279
11/21/2022,16291.22363,1142.395752
11/22/2022,15782.30078,1107.895996
11/23/2022,16195.58887,1135.421509
11/24/2022,16611.63672,1183.345093
11/25/2022,16602.26953,1203.799438
11/26/2022,16521.57617,1198.790527
11/27/2022,16463.88281,1205.905273
11/28/2022,16440.22266,1194.960327
11/29/2022,16217.63965,1169.87439
11/30/2022,16445.47656,1216.928711
12/1/2022,17168.00195,1295.769531
12/2/2022,16968.68359,1276.328613
12/3/2022,17090.09766,1294.456543
12/4/2022,16908.16992,1243.219238
12/5/2022,17128.89453,1279.998901
12/6/2022,16975.23828,1259.854248
12/7/2022,17089.50586,1271.553101
12/8/2022,16847.34961,1232.451782
12/9/2022,17232.14844,1281.077271
12/10/2022,17134.2207,1264.375488
12/11/2022,17129.71094,1266.417847
12/12/2022,17102.5,1263.573486
12/13/2022,17206.44141,1274.662476
12/14/2022,17782.06641,1320.688599
12/15/2022,17813.64453,1309.190796
12/16/2022,17364.54688,1266.460571
12/17/2022,16646.98242,1168.066772
12/18/2022,16795.60938,1188.12854
12/19/2022,16759.04102,1184.758301
12/20/2022,16441.78711,1167.88269
12/21/2022,16904.52734,1217.586426
12/22/2022,16818.38086,1213.672607
12/23/2022,16829.64453,1218.079346
12/24/2022,16796.97656,1220.11792
12/25/2022,16847.50586,1221.171509
12/26/2022,16842.25,1218.920166
12/27/2022,16919.29102,1226.987061
12/28/2022,16716.40039,1212.736572
12/29/2022,16552.32227,1190.010132
12/30/2022,16641.33008,1201.56958
12/31/2022,16603.67383,1199.360107
1/1/2023,16547.91406,1196.713623
1/2/2023,16625.50977,1201.103271
1/3/2023,16688.84766,1214.744019
1/4/2023,16680.20508,1214.718628
1/5/2023,16863.47266,1256.484619
1/6/2023,16836.47266,1250.458984
1/7/2023,16952.11719,1269.4198
1/8/2023,16954.14648,1264.181885
1/9/2023,17093.99219,1287.450806
1/10/2023,17192.94922,1321.395508
1/11/2023,17446.35938,1336.486816
1/12/2023,18117.59375,1405.35144
1/13/2023,18868.90625,1417.946167
1/14/2023,19910.53711,1451.428467
1/15/2023,20977.48438,1550.731567
1/16/2023,20882.22461,1552.519287
1/17/2023,21175.83398,1577.107422
1/18/2023,21161.05078,1567.698975
1/19/2023,20686.74609,1515.249634
1/20/2023,21085.37305,1552.373657
1/21/2023,22677.42773,1659.706055
1/22/2023,22777.98633,1627.365967
1/23/2023,22721.08789,1628.550781
1/24/2023,22929.62695,1627.848267
1/25/2023,22639.26758,1556.807495
1/26/2023,23108.95508,1611.080933
1/27/2023,23030.7168,1603.080078
1/28/2023,23079.96484,1598.125366
1/29/2023,23031.44922,1572.629517
1/30/2023,23774.64844,1646.147705
1/31/2023,22840.79688,1567.419922
2/1/2023,23137.83594,1586.488159
2/2/2023,23720.82422,1641.365967
2/3/2023,23469.41211,1642.904663
2/4/2023,23446.32031,1664.47229
2/5/2023,23332.24805,1667.166504
2/6/2023,22954.02148,1631.645264
2/7/2023,22757.26758,1616.009644
2/8/2023,23263.41602,1671.905273
2/9/2023,22946.56641,1651.082275
2/10/2023,21819.00586,1546.596558
2/11/2023,21651.8418,1514.941895
2/12/2023,21870.90234,1539.776001
2/13/2023,21787,1514.916992
2/14/2023,21801.82227,1506.992065
2/15/2023,22220.58594,1556.765137
2/16/2023,24307.34961,1673.867432
2/17/2023,23621.2832,1640.280151
2/18/2023,24565.29688,1694.741821
2/19/2023,24640.02734,1691.680176
2/20/2023,24336.62305,1682.337036
2/21/2023,24833.04883,1702.797852
2/22/2023,24437.41797,1658.140991
2/23/2023,24190.71875,1643.298584
2/24/2023,23946.00781,1650.895142
2/25/2023,23200.125,1608.658325
2/26/2023,23174.15039,1594.761108
2/27/2023,23561.45117,1640.763672
2/28/2023,23521.83789,1634.502441
3/1/2023,23150.92969,1606.040405
3/2/2023,23647.01953,1663.549072
3/3/2023,23476.63281,1647.557739
3/4/2023,22362.92383,1569.278076
3/5/2023,22354.14453,1567.179321
3/6/2023,22436.81641,1564.383179
3/7/2023,22428.32227,1567.424683
3/8/2023,22216.44141,1561.977905
3/9/2023,21720.08008,1534.031616
3/10/2023,20367.00195,1438.760132
3/11/2023,20187.87695,1429.10083
3/12/2023,20628.0293,1482.431885
3/13/2023,22156.40625,1590.831177
3/14/2023,24201.76563,1680.295288
3/15/2023,24770.92578,1705.189941
3/16/2023,24373.45703,1656.332031
3/17/2023,25055.12305,1677.296753
3/18/2023,27448.11719,1793.592407
3/19/2023,26969.50391,1762.963257
3/20/2023,28041.60156,1785.41626
3/21/2023,27768.39258,1735.61792
3/22/2023,28158.7207,1804.957031
3/23/2023,27301.95703,1737.140869
3/24/2023,28324.11133,1815.819824
3/25/2023,27487.33789,1751.469482
3/26/2023,27495.52344,1743.842163
3/27/2023,27994.06836,1775.481323
3/28/2023,27132.88867,1715.327393
3/29/2023,27267.03125,1772.899902
3/30/2023,28350.14063,1793.345947
3/31/2023,28032.26172,1793.620117
4/1/2023,28473.33203,1821.704346
4/2/2023,28462.8457,1821.192139
4/3/2023,28183.08008,1794.922485
4/4/2023,27795.27344,1810.14209
4/5/2023,28169.72656,1870.965088
4/6/2023,28175.22656,1909.143555
4/7/2023,28038.9668,1872.734131
4/8/2023,27920.51367,1864.679077
4/9/2023,27952.36719,1849.672241
4/10/2023,28336.02734,1859.741211
4/11/2023,29653.67969,1911.375854
4/12/2023,30231.58203,1891.949707
4/13/2023,29892.74023,1917.698364
4/14/2023,30409.5625,2013.930664
4/15/2023,30490.75,2101.616455
4/16/2023,30315.97656,2092.281006
4/17/2023,30317.14648,2120.001221
4/18/2023,29449.0918,2075.855225
4/19/2023,30394.1875,2103.946289
4/20/2023,28823.68359,1936.417969
4/21/2023,28249.23047,1943.409912
4/22/2023,27265.89453,1849.286499
4/23/2023,27816.14453,1874.171509
4/24/2023,27591.73047,1862.085327
4/25/2023,27514.87305,1842.204346
4/26/2023,28300.05859,1866.148926
4/27/2023,28428.46484,1866.693237
4/28/2023,29481.01367,1909.273071
4/29/2023,29336.56641,1892.565063
4/30/2023,29245.51563,1908.741333
5/1/2023,29227.10352,1868.891113
5/2/2023,28087.17578,1831.726563
5/3/2023,28680.49414,1870.687134
5/4/2023,29031.30469,1905.168945
5/5/2023,28851.48047,1877.83313
5/6/2023,29538.85938,1995.479126
5/7/2023,28901.62305,1899.917603
5/8/2023,28450.45703,1872.475098
5/9/2023,27695.06836,1849.061035
5/10/2023,27654.63672,1848.213501
5/11/2023,27621.08594,1842.492065
5/12/2023,26987.66211,1795.176636
5/13/2023,26807.76953,1808.375
5/14/2023,26788.97461,1796.10791
5/15/2023,26931.38477,1800.371216
5/16/2023,27171.51367,1816.824219
5/17/2023,27035.4707,1824.068359
5/18/2023,27401.65039,1822.068237
5/19/2023,26826.75391,1800.994385
5/20/2023,26888.8418,1812.766113
5/21/2023,27118.42383,1820.138062
5/22/2023,26749.89258,1804.841919
5/23/2023,26855.96094,1817.781128
5/24/2023,27224.60352,1854.299683
5/25/2023,26329.46094,1799.845215
5/26/2023,26474.18164,1805.725464
5/27/2023,26720.18164,1828.575684
5/28/2023,26871.1582,1831.098633
5/29/2023,28075.5918,1909.297485
5/30/2023,27745.12305,1893.09314
5/31/2023,27700.5293,1901.098267
6/1/2023,27218.41211,1873.914673
6/2/2023,26824.55664,1862.423706
6/3/2023,27252.32422,1907.420776
6/4/2023,27075.12305,1892.398193
6/5/2023,27123.10938,1890.417603
6/6/2023,25732.10938,1810.581421
6/7/2023,27235.65039,1884.372925
6/8/2023,26347.6543,1832.51355
6/9/2023,26505.92383,1846.077881
6/10/2023,26481.76172,1840.391968
6/11/2023,25854.03125,1752.527588
6/12/2023,25934.28516,1753.075439
6/13/2023,25902.94141,1742.390137
6/14/2023,25920.25781,1739.250122
6/15/2023,25121.67383,1650.498169
6/16/2023,25575.2832,1665.410645
6/17/2023,26328.67969,1716.671753
6/18/2023,26510.45703,1727.193726
6/19/2023,26335.44141,1720.505371
6/20/2023,26841.66406,1736.879761
6/21/2023,28311.31055,1791.994995
6/22/2023,29995.93555,1889.794434
6/23/2023,29896.38281,1872.540771
6/24/2023,30708.73828,1893.771973
6/25/2023,30545.15039,1875.849121
6/26/2023,30480.52344,1900.050293
6/27/2023,30274.32031,1859.346191
6/28/2023,30696.56055,1889.906494
6/29/2023,30086.1875,1828.059326
6/30/2023,30441.35352,1852.008423
7/1/2023,30471.84766,1933.323853
7/2/2023,30587.26953,1924.44812
7/3/2023,30624.51563,1937.883789
7/4/2023,31156.86523,1955.52417
7/5/2023,30778.72461,1936.796753
7/6/2023,30507.15039,1910.417114
7/7/2023,29907.99805,1847.512573
7/8/2023,30346.92188,1871.002075
7/9/2023,30291.61133,1865.594971
7/10/2023,30172.42383,1863.240234
7/11/2023,30417.63281,1880.654907
7/12/2023,30622.24609,1878.322021
7/13/2023,30387.48828,1872.040283
7/14/2023,31474.7207,2005.686157
7/15/2023,30331.7832,1939.129639
7/16/2023,30297.47266,1931.64502
7/17/2023,30249.62695,1923.694336
7/18/2023,30147.07031,1911.697021
7/19/2023,29862.04688,1897.797241
7/20/2023,29915.25,1889.07373
7/21/2023,29805.11133,1891.581299
7/22/2023,29908.69727,1891.955078
7/23/2023,29790.11133,1866.094238
7/24/2023,30081.66211,1888.80957
7/25/2023,29178.9707,1850.027954
7/26/2023,29225.75977,1857.696533
7/27/2023,29353.79883,1872.086304
7/28/2023,29212.16406,1860.702515
7/29/2023,29319.44531,1874.560425
7/30/2023,29357.09375,1880.871582
7/31/2023,29278.31445,1861.755249
8/1/2023,29230.87305,1856.190186
8/2/2023,29704.14648,1873.46814
8/3/2023,29161.8125,1838.897949
8/4/2023,29174.38281,1834.890503
8/5/2023,29075.38867,1827.798584
8/6/2023,29043.70117,1834.845215
8/7/2023,29038.51367,1827.239502
8/8/2023,29180.01953,1826.93103
8/9/2023,29766.69531,1855.779419
8/10/2023,29563.97266,1854.348267
8/11/2023,29424.90234,1850.741699
8/12/2023,29399.78711,1847.171997
8/13/2023,29416.59375,1849.053833
8/14/2023,29283.26367,1839.323486
8/15/2023,29408.04883,1844.164185
8/16/2023,29169.07422,1827.036377
8/17/2023,28699.80273,1805.567383
8/18/2023,26636.07813,1682.038452
8/19/2023,26047.83203,1660.84436
8/20/2023,26096.86133,1669.587769
8/21/2023,26188.69141,1685.022339
8/22/2023,26130.74805,1667.279297
8/23/2023,26040.47461,1634.401733
8/24/2023,26431.51953,1679.248291
8/25/2023,26163.67969,1660.269897
8/26/2023,26047.23438,1652.927246
8/27/2023,26008.24219,1646.271973
8/28/2023,26089.61523,1657.439819
8/29/2023,26102.48633,1652.27417
8/30/2023,27726.08398,1729.676636
8/31/2023,27301.92969,1705.364502
9/1/2023,25934.02148,1645.581299
9/2/2023,25800.91016,1628.559692
9/3/2023,25869.47266,1637.043579
9/4/2023,25968.16992,1635.724731
9/5/2023,25814.95703,1629.911011
9/6/2023,25783.93164,1633.912109
9/7/2023,25748.3125,1632.262817
9/8/2023,26245.20898,1647.807617
9/9/2023,25905.42578,1636.050415
9/10/2023,25895.21094,1635.21167
9/11/2023,25831.71484,1616.769775
9/12/2023,25160.6582,1551.497803
9/13/2023,25837.55469,1592.892334
9/14/2023,26228.27734,1608.031616
9/15/2023,26533.81836,1626.870117
9/16/2023,26606.19922,1641.446411
9/17/2023,26567.92773,1635.20105
9/18/2023,26532.99414,1623.081909
9/19/2023,26760.85156,1637.312012
9/20/2023,27210.22852,1643.495361
9/21/2023,27129.83984,1622.591797
9/22/2023,26564.05664,1584.002563
9/23/2023,26578.55664,1593.213135
9/24/2023,26579.37305,1593.825684
9/25/2023,26253.77539,1580.747437
9/26/2023,26294.75781,1588.023193
9/27/2023,26209.49805,1593.108276
9/28/2023,26355.8125,1597.671997
9/29/2023,27024.8418,1652.999878
9/30/2023,26911.68945,1667.834473
10/1/2023,26967.39648,1671.161499
10/2/2023,27976.79883,1732.984009
10/3/2023,27508.25195,1662.887207
10/4/2023,27429.07422,1656.735962
10/5/2023,27798.64648,1647.788208
10/6/2023,27412.12305,1611.365723
10/7/2023,27946.78125,1645.810913
10/8/2023,27971.67773,1634.657349
10/9/2023,27934.47266,1633.454834
10/10/2023,27589.20117,1580.112061
10/11/2023,27392.07617,1567.680786
10/12/2023,26873.29297,1566.355957
10/13/2023,26752.87891,1539.432861
10/14/2023,26866.20313,1552.263794
10/15/2023,26858.01172,1555.07605
10/16/2023,27162.62891,1558.313477
10/17/2023,28522.09766,1600.63562
10/18/2023,28413.53125,1565.382813
10/19/2023,28332.41602,1563.95813
10/20/2023,28732.8125,1567.570923
10/21/2023,29683.38086,1604.822266
10/22/2023,29918.6543,1629.297729
10/23/2023,30140.68555,1674.849243
10/24/2023,33077.30469,1766.014648
10/25/2023,33916.04297,1784.905029
10/26/2023,34504.28906,1787.481934
10/27/2023,34156.5,1803.794922
10/28/2023,33907.72266,1780.084229
10/29/2023,34089.37109,1776.563965
10/30/2023,34531.74219,1795.589111
10/31/2023,34500.07813,1810.131592
11/1/2023,34657.27344,1815.87207
11/2/2023,35441.57813,1847.259888
11/3/2023,34942.47266,1800.916504
11/4/2023,34736.32422,1833.368896
11/5/2023,35090.01172,1857.39563
11/6/2023,35044.78906,1894.0271
11/7/2023,35047.79297,1900.599731
11/8/2023,35419.47656,1887.119019
11/9/2023,35633.63281,1888.940308
11/10/2023,36702.25,2121.067383
11/11/2023,37310.07031,2078.05835
11/12/2023,37133.99219,2053.118652
11/13/2023,37070.30469,2045.354492
11/14/2023,36491.78906,2054.765381
11/15/2023,35548.11328,1979.472656
11/16/2023,37879.98047,2059.96582
11/17/2023,36164.82422,1961.867554
11/18/2023,36625.37109,1961.671265
11/19/2023,36585.76563,1963.180054
11/20/2023,37374.07422,2011.853394
11/21/2023,37469.16016,2022.217285
11/22/2023,35756.55469,1933.58313
11/23/2023,37420.43359,2063.905518
11/24/2023,37296.31641,2062.411865
11/25/2023,37721.41406,2081.296143
11/26/2023,37796.82813,2084.17749
11/27/2023,37454.19141,2062.390869
11/28/2023,37247.99219,2027.517212
11/29/2023,37826.10547,2049.186768
11/30/2023,37861.11719,2029.358398
12/1/2023,37718.00781,2052.09668
12/2/2023,38689.27734,2087.663574
12/3/2023,39472.20703,2165.895752
12/4/2023,39978.62891,2193.66333
12/5/2023,41986.26563,2243.092529
12/6/2023,44080.02344,2293.628174
12/7/2023,43769.13281,2233.217773
12/8/2023,43293.13672,2357.169189
12/9/2023,44180.01953,2358.686035
12/10/2023,43728.38281,2341.440186
12/11/2023,43792.01953,2352.496582
12/12/2023,41238.73438,2224.391113
12/13/2023,41468.46484,2202.600342
12/14/2023,42884.26172,2260.736084
12/15/2023,43028.25,2316.110352
12/16/2023,41937.74219,2220.415527
12/17/2023,42236.10938,2226.892578
12/18/2023,41348.20313,2195.341797
12/19/2023,42641.51172,2218.240967
12/20/2023,42261.30078,2177.239502
12/21/2023,43648.125,2201.790039
12/22/2023,43868.98828,2239.598145
12/23/2023,44012.19922,2326.71582
12/24/2023,43728.36719,2309.626709
12/25/2023,43010.57422,2265.340576
12/26/2023,43599.84766,2272.21875
12/27/2023,42518.46875,2231.393066
12/28/2023,43468.19922,2380.200684
12/29/2023,42614.64453,2346.84375
12/30/2023,42091.75391,2300.399658
12/31/2023,42152.09766,2291.945313
1/1/2024,42280.23438,2282.870361
1/2/2024,44187.14063,2352.593506
1/3/2024,44961.60156,2355.981445
1/4/2024,42855.81641,2210.529053
1/5/2024,44192.98047,2269.409424
1/6/2024,44178.95313,2269.540039
1/7/2024,43998.46484,2242.012695
1/8/2024,43948.70703,2222.857666
1/9/2024,46987.64063,2332.868164
1/10/2024,46121.53906,2344.923584
1/11/2024,46656.07422,2584.171631
1/12/2024,46354.79297,2619.177002
1/13/2024,42799.44531,2522.933838
1/14/2024,42842.26172,2578.003662
1/15/2024,41715.06641,2471.666992
1/16/2024,42499.33594,2510.627197
1/17/2024,43132.10156,2587.044678
1/18/2024,42742.3125,2528.593262
1/19/2024,41278.46094,2468.688965
1/20/2024,41624.58984,2489.847656
1/21/2024,41671.48828,2469.798584
1/22/2024,41553.65234,2454.987305
1/23/2024,39518.71484,2310.95166
1/24/2024,39877.59375,2241.749756
1/25/2024,40075.55078,2233.969971
1/26/2024,39936.81641,2217.441895
1/27/2024,41815.625,2267.319336
1/28/2024,42126.125,2268.192871
1/29/2024,42030.91406,2256.995361
1/30/2024,43300.22656,2317.435791
1/31/2024,42946.25,2343.558838
2/1/2024,42569.76172,2282.175293
2/2/2024,43077.64063,2303.706055
2/3/2024,43184.96484,2307.980225
2/4/2024,42994.94141,2296.116943
2/5/2024,42577.62109,2289.205566
2/6/2024,42657.39063,2298.955078
2/7/2024,43090.01953,2372.262695
2/8/2024,44332.125,2424.080078
2/9/2024,45297.38281,2419.773682
2/10/2024,47153.52734,2487.650391
2/11/2024,47768.96875,2501.129883
2/12/2024,48296.38672,2507.578857
2/13/2024,49941.35938,2659.586182
2/14/2024,49733.44531,2641.685303
2/15/2024,51836.78516,2777.601318
2/16/2024,51937.72656,2825.480713
2/17/2024,52161.67578,2803.73584
2/18/2024,51661.96875,2786.709717
2/19/2024,52134.8125,2881.296875
2/20/2024,51777.72656,2944.106445
2/21/2024,52273.53516,3015.65332
2/22/2024,51854.64453,2969.599854
2/23/2024,51283.90625,2970.139648
2/24/2024,50736.37109,2921.962891
2/25/2024,51565.21484,2992.366699
2/26/2024,51730.53906,3112.529053
2/27/2024,54519.36328,3178.405029
2/28/2024,57071.09766,3243.893311
2/29/2024,62499.18359,3386.802734
3/1/2024,61168.0625,3341.96582
3/2/2024,62431.65234,3436.15918
3/3/2024,62031.57813,3422.875244
3/4/2024,63137.00391,3489.340088
3/5/2024,68341.05469,3631.928955
3/6/2024,63776.05078,3554.067871
3/7/2024,66099.74219,3818.311035
3/8/2024,66938.09375,3874.830811
3/9/2024,68299.25781,3892.119141
3/10/2024,68500.25781,3915.590576
3/11/2024,69020.54688,3881.237793
3/12/2024,72125.125,4066.69043
3/13/2024,71482.11719,3980.265137
3/14/2024,73079.375,4005.745117
3/15/2024,71387.875,3882.856934
3/16/2024,69392.48438,3736.10498
3/17/2024,65316.34375,3523.029785
3/18/2024,68371.30469,3642.298828
3/19/2024,67556.13281,3518.347656
3/20/2024,61930.15625,3158.396729
3/21/2024,67911.58594,3514.017578
3/22/2024,65489.92969,3492.897949
3/23/2024,63802.72266,3335.592529
3/24/2024,64070.75391,3336.666016
3/25/2024,67234.09375,3454.885742
3/26/2024,69931.32813,3591.085205
3/27/2024,69991.89844,3587.313721
3/28/2024,69452.77344,3500.216064
3/29/2024,70744.79688,3561.011719
3/30/2024,69893.44531,3511.827637
3/31/2024,69647.78125,3507.95166
4/1/2024,71333.48438,3647.81958
4/2/2024,69705.02344,3504.818359
4/3/2024,65446.67188,3277.324219
4/4/2024,65975.69531,3311.495361
4/5/2024,68515.75781,3330.005859
4/6/2024,67840.57031,3318.864746
4/7/2024,68897.10938,3354.213867
4/8/2024,69362.55469,3453.498779
4/9/2024,71632.5,3695.341797
4/10/2024,69140.24219,3505.156006
4/11/2024,70575.73438,3543.452148
4/12/2024,70061.38281,3505.329834
4/13/2024,67188.375,3242.940918
4/14/2024,63836.23047,3005.547607
4/15/2024,65739.64844,3156.830078
4/16/2024,63419.29688,3101.140625
4/17/2024,63831.84766,3084.923584
4/18/2024,61275.31641,2984.705322
4/19/2024,63510.75,3065.953125
4/20/2024,63851.10156,3059.478027
4/21/2024,64992.81641,3157.571045
4/22/2024,64935.63281,3147.663574
4/23/2024,66839.89063,3201.588623
4/24/2024,66408.71875,3219.957031
4/25/2024,64275.01953,3139.624268
4/26/2024,64485.37109,3156.384033
4/27/2024,63750.98828,3129.727051
4/28/2024,63423.51563,3252.245605
4/29/2024,63106.36328,3262.34082
4/30/2024,63839.41797,3215.381104
5/1/2024,60609.49609,3011.015625
5/2/2024,58253.70313,2969.794434
5/3/2024,59122.30078,2988.134521
5/4/2024,62891.03125,3103.619629
5/5/2024,63892.45313,3117.636963
5/6/2024,64038.3125,3137.510254
5/7/2024,63162.76172,3062.750977
5/8/2024,62332.64063,3006.315674
5/9/2024,61191.19922,2973.97168
5/10/2024,63055.19141,3036.231201
5/11/2024,60793.35547,2909.845459
5/12/2024,60793.50391,2911.658203
5/13/2024,61451.21875,2928.813965
5/14/2024,62900.77344,2949.213135
5/15/2024,61549.57813,2881.014404
